,agressivite,visibilite,hstag,hstagmoyenTweet,longMoyen,frequenceFollowers,frequenceMention,frequenceAmi,refermoyenTweet,retweet,reply,Nombreurl,frenquenTweet,frequenceFavourite,,label
0,0.165714286,0.408571429,6,1,113.3333333,-4.50E-04,-2.32E-05,-1.54E-08,0.666666667,0,0,5,-2.82E-07,-6.92E-05,,-1
1,0,0.081428571,0,0,139,-2.43E-06,-7.84E-08,0,1,0,0,0,0,-1.24E-05,,1
2,0,0,0,0,31,-2.89E-05,-1.19E-06,0,0,0,0,1,0,-2.93E-04,,1
3,0,0.082857143,1,1,88,-1.41E-04,-1.24E-05,0,0,0,0,0,0,-4.01E-05,,1
4,0,0.33,3,3,140,-8.20E-05,-5.00E-06,0,1,0,0,1,0,-2.25E-04,,1
5,0,0.247142857,2,2,135,-2.39E-05,-1.82E-06,0,1,0,0,1,0,-1.63E-05,,1
6,0.031428571,0.066285714,4,0.8,101.8,-1.76E-04,-1.20E-05,0,0,0,0,1,-1.12E-07,-4.09E-05,,1
7,0,0.494285714,4,4,107,-1.92E-05,-8.74E-07,0,2,0,0,1,0,-3.44E-05,,1
8,0,0.164285714,1,1,142,-2.56E-05,-7.99E-07,0,1,0,0,0,0,-4.42E-06,,1
9,0,0.164285714,1,1,134,-4.92E-06,-4.17E-07,0,1,0,0,2,0,-4.44E-07,,1
10,0.037142857,0.357619048,10,3.333333333,100.3333333,-3.99E-05,-7.85E-07,-3.72E-09,0.333333333,0,0,3,-4.47E-08,-1.12E-05,,-1
11,0.085714286,0.375428571,3,0.6,109.8,-3.06E-06,-1.80E-07,-3.76E-09,0.8,0,0,2,-1.09E-07,-1.09E-05,,1
12,0,0.495714286,5,5,140,-2.93E-05,-1.02E-06,0,1,0,0,1,0,-1.45E-04,,1
13,0,0.411428571,6,3,140,-1.69E-05,-8.06E-07,0,1,0,0,0,0,-1.27E-04,,1
14,0,0,0,0,133,-2.01E-05,-5.07E-06,0,0,0,0,2,0,-3.04E-04,,1
15,0,0.247142857,2,2,140,-3.88E-05,-3.12E-06,0,1,0,0,0,0,-9.20E-05,,1
16,0.002857143,0.124285714,3,1.5,132.5,-1.80E-05,-1.58E-06,0,0,0,0,1,-1.04E-08,-7.30E-08,,1
17,0.091428571,0.207142857,5,2.5,45,-2.38E-06,-3.87E-07,0,0,0,0,0,-1.85E-07,-1.04E-07,,1
18,0,0.247142857,4,2,86,-2.29E-04,-8.37E-06,0,0.5,0,0,1,0,-2.75E-05,,1
19,0.042857143,0.247142857,10,2,101.6,-6.73E-06,-2.96E-07,0,0.2,0,0,1,-9.44E-08,-6.84E-06,,1
20,0,0.165714286,2,2,78,-5.55E-05,-1.40E-06,0,0,0,0,2,0,-1.22E-06,,1
21,0,0.497142857,6,6,124,-3.76E-06,-1.90E-07,0,0,0,0,0,0,-7.03E-07,,1
22,0.054285714,0.041428571,1,0.5,116.5,-2.36E-05,-2.82E-07,-5.43E-09,0,0,0,1,-9.77E-08,-2.02E-04,,1
23,0,0.164285714,1,1,74,-1.25E-05,-4.38E-07,0,1,0,0,0,0,-1.92E-05,,1
24,0,0.082857143,1,1,38,-2.47E-02,-0.00062142,0,0,0,0,0,0,-1.11E-03,,1
25,0,0.742857143,7,7,140,-7.39E-06,-3.30E-07,0,2,0,0,0,0,-1.35E-04,,1
26,0,0.164285714,1,1,90,-4.47E-06,-3.34E-07,0,1,0,0,1,0,-6.43E-05,,1
27,0,0.33,3,3,103,-9.77E-06,-2.39E-07,0,1,0,0,1,0,-6.88E-08,,1
28,0,0.082857143,1,1,40,-3.09E-03,-3.07E-05,0,0,0,0,0,0,-7.12E-03,,1
29,0.211428571,0.574285714,12,3,131.25,-2.47E-06,-6.98E-08,-3.88E-09,1,0,0,2,-2.83E-07,-3.27E-05,,-1
30,0.025714286,0.817142857,12,2,94,-2.12E-06,-1.09E-07,-3.53E-09,1.333333333,0,0,6,-2.82E-08,-3.14E-06,,1
31,0,0.081428571,0,0,140,-9.92E-07,-1.91E-08,0,1,0,0,0,0,-1.62E-05,,1
32,0.191428571,0.226428571,7,1.75,94,-6.63E-05,-9.93E-07,0,0.25,0,0,5,-2.23E-07,-5.34E-05,,-1
33,0.377142857,0.251285714,82,2.05,83.925,-1.59E-06,-3.13E-07,0,0.025,0,0,3,-4.92E-07,-2.61E-08,,-1
34,0,0.165714286,2,2,69,-1.09E-03,-5.55E-05,0,0,0,0,1,0,-2.02E-02,,1
35,0,0.082857143,1,1,140,-2.11E-05,-8.76E-07,0,0,0,0,1,0,-2.08E-05,,1
36,0,0,0,0,140,-3.87E-06,-1.57E-06,0,0,0,0,1,0,-1.18E-04,,1
37,0,0.164285714,1,1,140,-1.75E-05,-1.84E-06,0,1,0,0,0,0,-2.05E-05,,1
38,0.002857143,0.082857143,2,1,103,-2.98E-06,-5.72E-07,0,0,0,0,3,-4.37E-09,-4.14E-06,,1
39,0,0.414285714,5,5,111,-5.48E-06,0,0,0,0,0,2,0,-4.02E-07,,1
40,0,0.081428571,0,0,140,-9.05E-06,-6.37E-07,0,1,0,0,0,0,-3.15E-06,,1
41,0,0.082857143,1,1,61,-1.18E-04,-7.87E-06,0,0,0,0,1,0,-2.48E-04,,1
42,0,0.245714286,1,1,141,-7.61E-07,0,0,2,0,0,0,0,-4.00E-06,,1
43,0.057142857,0.205714286,9,1.5,81.66666667,-9.59E-06,-6.34E-07,-3.89E-09,0.166666667,0,0,3,-7.38E-08,-6.66E-05,,1
44,0,0,0,0,27,-1.52E-05,-2.50E-07,0,0,0,0,1,0,-1.41E-04,,1
45,0,0.082857143,1,1,107,-1.12E-06,0,0,0,0,0,0,0,-1.44E-04,,1
46,0.3,0.164285714,2,1,65,-1.89E-04,-1.35E-05,-1.15E-08,0.5,0,0,2,-5.93E-07,-1.30E-03,,1
47,0,0.327142857,1,1,132,-4.64E-05,-4.99E-08,0,3,0,0,0,0,-2.80E-04,,1
48,0,0,0,0,92,-1.59E-04,-1.50E-05,0,0,0,0,1,0,-4.08E-04,,1
49,0,0.164285714,1,1,104,-3.85E-05,-2.99E-06,0,1,0,0,1,0,-3.11E-05,,1
50,0,0.081428571,0,0,140,-9.10E-06,-6.56E-07,0,1,0,0,0,0,-6.83E-05,,1
51,0,0,0,0,102,-9.86E-06,-4.18E-07,0,0,0,0,1,0,-3.14E-04,,1
52,0.722857143,1.421544402,53,1.432432432,111.9459459,-2.13E-05,-1.70E-06,-1.49E-08,0.432432432,0,0,20,-9.27E-07,-3.14E-04,,-1
53,0,0.082857143,1,1,54,-9.20E-06,-4.86E-07,0,0,0,0,1,0,-1.09E-04,,1
54,0,0.414285714,5,5,134,-7.89E-08,-9.87E-08,0,0,0,0,1,0,-7.50E-08,,1
55,0.002857143,0.081428571,0,0,54.5,-3.16E-06,-2.18E-07,0,0.5,0,0,2,-1.09E-08,0.00E+00,,1
56,0,0,0,0,67,-8.24E-05,-1.34E-06,0,0,0,0,1,0,-6.96E-05,,1
57,0,0.164285714,1,1,140,-2.98E-05,-5.94E-06,0,1,0,0,1,0,-5.74E-03,,1
58,0,0.081428571,0,0,140,-1.51E-05,-1.10E-06,0,1,0,0,0,0,-1.23E-04,,1
59,0.008571429,0.124285714,3,1.5,105.5,-3.75E-06,-1.44E-07,0,0,0,0,1,-3.32E-08,-1.77E-05,,1
60,0,0.162857143,0,0,140,-1.37E-05,-1.26E-06,0,2,0,0,0,0,-1.91E-05,,1
61,0.434285714,0.41,6,2,128,-6.43E-05,-1.16E-06,-2.17E-08,1,0,0,2,-8.05E-07,-1.20E-04,,-1
62,0,0.082857143,1,1,50,-3.81E-06,-1.47E-07,0,0,0,0,0,0,-2.18E-05,,1
63,0.04,0.312,9,1.8,63.2,-1.65E-06,-3.11E-07,0,0.4,0,0,0,-5.00E-08,-1.01E-05,,1
64,0,0.082857143,1,1,89,-2.68E-05,-1.32E-06,0,0,0,0,0,0,-1.25E-05,,1
65,0.031428571,0.082857143,2,1,127.5,-4.91E-05,-2.23E-06,-2.99E-08,0,0,0,2,-3.59E-08,-4.87E-05,,1
66,0,0.247142857,2,2,140,-1.73E-03,-6.80E-05,0,1,0,0,0,0,-2.37E-02,,1
67,0.182857143,0.136666667,6,0.666666667,104.8888889,-9.85E-05,-2.60E-06,0,0.111111111,0,0,5,-2.39E-07,-2.77E-05,,1
68,0,0.164285714,1,1,140,-1.52E-05,-8.51E-07,0,1,0,0,0,0,-1.24E-04,,1
69,0.022857143,0.082857143,4,1,46.5,-2.67E-05,-1.13E-06,-5.24E-09,0,0,0,0,-3.67E-08,-5.07E-06,,1
70,0.125714286,0.328571429,4,2,136.5,-2.49E-05,-1.01E-06,0,1,0,0,1,-4.10E-07,-4.34E-05,,1
71,0,0.164285714,1,1,139,-6.32E-06,-5.95E-07,0,1,0,0,0,0,-1.79E-05,,1
72,0,0.247142857,2,2,92,-3.28E-06,-5.52E-07,0,1,0,0,1,0,-7.50E-06,,1
73,0,0.33,3,3,132,-1.62E-04,-5.77E-06,0,1,0,0,1,0,-5.95E-04,,1
74,0,0.082857143,1,1,88,-3.78E-07,-5.23E-08,0,0,0,0,0,0,-1.93E-06,,1
75,0.002857143,0,0,0,31,-9.95E-06,-1.23E-06,0,0,0,0,2,-1.10E-08,-1.56E-04,,1
76,0,0.082857143,1,1,64,-1.37E-06,-2.89E-08,0,0,0,0,1,0,-5.76E-05,,1
77,0,0.247142857,2,2,141,-8.20E-05,-7.33E-06,0,1,0,0,1,0,-1.55E-04,,1
78,0.188571429,0.212571429,3,0.6,110,-8.81E-06,-3.90E-07,-1.84E-08,0.4,0,0,2,-2.25E-07,-2.23E-05,,1
79,0,0.247142857,2,2,90,-2.35E-06,-9.23E-08,0,1,0,0,1,0,-4.58E-07,,1
80,0,0.081428571,0,0,97,-6.26E-05,-3.98E-06,0,1,0,0,1,0,-1.75E-05,,1
81,0,0.081428571,0,0,139,-2.12E-06,-7.23E-08,0,1,0,0,0,0,-1.17E-04,,1
82,0.62,0.538285714,3,0.6,137.6,-2.50E-05,-3.30E-06,-1.21E-08,1.2,0,0,1,-1.30E-06,-1.31E-04,,1
83,0.171428571,0.327142857,2,1,140,-1.34E-05,-6.14E-07,-3.74E-09,1.5,0,0,2,-2.21E-07,-3.68E-04,,1
84,0,0.248571429,3,3,64,-1.01E-06,-5.22E-08,0,0,0,0,0,0,-9.31E-07,,1
85,0,0.081428571,0,0,58,-2.38E-05,-2.28E-06,0,1,0,0,1,0,-3.20E-03,,1
86,0.025714286,0.494285714,8,4,138.5,-1.24E-06,-8.42E-09,0,1,0,0,0,-3.79E-08,-3.18E-05,,1
87,0.074285714,0.287142857,3,1.5,122,-3.50E-06,-2.26E-07,-1.15E-08,1,0,0,2,-8.79E-08,-1.84E-04,,1
88,0.008571429,0.285714286,1,0.5,94,-1.42E-06,-6.70E-08,0,1.5,0,0,2,-1.55E-08,-2.26E-06,,1
89,0,0.247142857,2,2,78,-3.31E-05,-1.61E-06,0,1,0,0,1,0,-7.54E-05,,1
90,0,0.082857143,1,1,73,-1.52E-06,-3.68E-08,0,0,0,0,0,0,-1.11E-06,,1
91,0.005714286,0.082857143,2,1,122.5,-3.54E-04,-6.94E-06,0,0,0,0,1,-1.24E-08,-4.29E-05,,1
92,0,0,0,0,137,-6.10E-06,-1.15E-07,0,0,0,0,1,0,-3.28E-05,,1
93,0.988571429,0.898571429,18,2,139.2222222,-5.26E-05,-4.26E-06,-2.02E-08,1,0,0,2,-1.73E-06,-2.00E-03,,-1
94,0.011428571,0.122857143,1,0.5,86.5,-3.21E-05,-1.65E-06,0,0.5,0,0,2,-1.58E-08,-1.98E-06,,1
95,0,0.165714286,2,2,23,-7.11E-06,-2.33E-07,0,0,0,0,0,0,-2.80E-05,,1
96,0.002857143,0.247142857,4,2,89,-2.32E-06,-3.81E-07,0,0.5,0,0,2,-4.71E-09,-1.06E-06,,1
97,0,0.082857143,1,1,82,-9.35E-05,-4.98E-06,0,0,0,0,0,0,-5.87E-05,,1
98,0,0,0,0,56,-3.59E-05,-1.50E-06,0,0,0,0,1,0,-7.88E-06,,1
99,0,0.207142857,5,2.5,111.5,-4.14E-05,-3.69E-06,0,0,0,0,1,0,-3.36E-05,,1
100,0,0.082857143,1,1,109,-2.60E-04,-1.89E-05,0,0,0,0,0,0,-3.82E-04,,1
101,0,0.165714286,2,2,123,-2.55E-04,-1.71E-05,0,0,0,0,0,0,-8.22E-04,,1
102,0,0.165714286,2,2,27,-5.95E-06,-1.81E-07,0,0,0,0,0,0,-1.09E-04,,1
103,0,0.164285714,1,1,140,-4.13E-03,-5.83E-05,0,1,0,0,0,0,-3.75E-03,,1
104,0,0.164285714,1,1,41,-1.95E-04,-2.13E-06,0,1,0,0,1,0,-8.57E-05,,1
105,0,0.165714286,2,2,130,-1.66E-05,-1.35E-06,0,0,0,0,1,0,-2.97E-05,,1
106,0,0.164285714,1,1,148,-4.93E-06,-1.96E-07,0,1,0,0,0,0,-2.63E-05,,1
107,0,0.164285714,1,1,142,-1.12E-05,-8.56E-07,0,1,0,0,0,0,-1.51E-04,,1
108,0.057142857,0.082857143,5,1,117.4,-1.16E-04,-3.76E-06,-1.05E-08,0,0,0,3,-1.99E-07,-3.36E-05,,1
109,0.002857143,0.164285714,2,1,89.5,-1.66E-04,-1.15E-05,0,0.5,0,0,1,-7.00E-09,-2.87E-04,,1
110,0.014285714,0.232,14,2.8,84,-7.59E-04,-2.05E-05,0,0,0,0,0,-4.14E-07,-4.20E-04,,1
111,0.314285714,0.612857143,6,1.5,91.25,-7.28E-05,-6.86E-07,-3.50E-09,1.5,0,0,4,-3.81E-07,-3.98E-05,,-1
112,0.057142857,0.687428571,12,2.4,103,-5.20E-05,-6.54E-06,-7.16E-09,1.2,0,0,4,-6.44E-08,-7.86E-06,,-1
113,0,0.165714286,2,2,96,-7.78E-06,-7.85E-07,0,0,0,0,0,0,-1.82E-06,,1
114,0,0.164285714,1,1,140,-5.46E-06,-2.19E-07,0,1,0,0,0,0,-3.86E-06,,1
115,0,0.248571429,6,3,128.5,-8.67E-05,-2.09E-06,0,0,0,0,3,0,-2.04E-05,,-1
116,0,0.165714286,2,2,68,-7.23E-07,-3.97E-09,0,0,0,0,1,0,-2.16E-05,,1
117,0.857142857,0.691098901,19,1.461538462,79.76923077,-4.23E-05,-1.28E-06,-1.49E-08,0.538461538,0,0,6,-1.10E-06,-3.25E-05,,1
118,0,0.325714286,0,0,140,-1.89E-05,-9.68E-07,0,4,0,0,1,0,-1.01E-05,,1
119,0,0.082857143,1,1,60,-3.59E-04,-3.67E-05,0,0,0,0,0,0,-6.21E-04,,1
120,0.831428571,0.327142857,3,1,124.6666667,-6.61E-06,-5.74E-07,-2.22E-08,1,0,0,1,-1.06E-06,-1.10E-03,,1
121,0,0.082857143,1,1,117,-2.20E-06,-9.73E-08,0,0,0,0,0,0,-6.17E-06,,1
122,0.005714286,0.082857143,2,1,99,-2.95E-05,-2.23E-06,0,0,0,0,2,-7.28E-09,-1.08E-04,,1
123,0,0.082857143,1,1,107,-9.86E-05,-8.05E-06,0,0,0,0,0,0,-1.30E-04,,1
124,0,0.081428571,0,0,97,-1.01E-05,-9.10E-07,0,1,0,0,1,0,-2.03E-04,,1
125,0.034285714,0.614285714,5,2.5,139.5,-7.86E-06,-1.09E-06,-3.35E-09,2.5,0,0,0,-3.69E-08,-1.88E-05,,1
126,0,0.164285714,1,1,140,-9.58E-05,-3.05E-06,0,1,0,0,1,0,-1.42E-05,,1
127,0,0.081428571,0,0,140,-2.37E-06,-3.51E-07,0,1,0,0,0,0,-1.98E-05,,1
128,0.042857143,0,0,0,26,-4.95E-06,-3.74E-07,0,0,0,0,2,-9.06E-08,-1.71E-04,,1
129,0,0.165714286,2,2,140,-1.87E-05,-8.53E-07,0,0,0,0,1,0,-3.14E-05,,1
130,0.002857143,0.082857143,2,1,79,-8.29E-06,-1.36E-07,0,0,0,0,1,-1.36E-07,-3.67E-05,,1
131,0.134285714,0.149142857,9,1.8,90.8,-1.47E-05,-6.15E-07,-6.09E-09,0,0,0,1,-2.80E-07,-3.05E-05,,-1
132,0,0.164285714,1,1,140,-8.99E-06,-6.99E-07,0,1,0,0,0,0,-4.65E-05,,1
133,0.005714286,0.124285714,3,1.5,139,-9.31E-06,-6.78E-07,0,0,0,0,1,-1.22E-08,-1.16E-05,,1
134,0,0,0,0,81,-5.79E-04,-2.50E-05,0,0,0,0,1,0,-6.92E-05,,1
135,0,0.082857143,1,1,55,-7.08E-05,-2.52E-06,0,0,0,0,0,0,-5.92E-05,,1
136,0.005714286,0.612857143,3,1.5,122.5,-2.66E-05,-2.28E-06,0,3,0,0,2,-6.97E-09,-2.28E-05,,1
137,0.388571429,0.328571429,4,2,129,-1.32E-05,-2.07E-06,-6.20E-09,1,0,0,1,-8.37E-07,-5.12E-06,,-1
138,0,0.33,3,3,140,-4.74E-06,-4.34E-07,0,1,0,0,0,0,-1.08E-04,,1
139,0,0.164285714,1,1,90,-8.29E-07,-6.58E-08,0,1,0,0,1,0,-1.03E-05,,1
140,0.005714286,0.708095238,5,1.666666667,114.6666667,-2.35E-06,-3.41E-07,0,2.333333333,0,0,3,-7.66E-09,-5.78E-07,,1
141,0,0.327142857,1,1,112,-8.26E-05,-8.86E-06,0,3,0,0,0,0,-7.09E-04,,1
142,0.014285714,0.245714286,2,1,128,-2.57E-06,-1.39E-07,-7.29E-09,1,0,0,0,-1.09E-08,-4.49E-06,,1
143,0.131428571,1.996390977,47,2.473684211,138.4210526,-3.43E-06,-5.11E-07,0,1.157894737,0,0,15,-1.81E-07,-6.42E-06,,-1
144,0.282857143,0.327142857,3,1,115.3333333,-2.49E-05,-9.84E-07,-6.35E-09,1,0,0,1,-6.22E-07,-3.83E-05,,1
145,0.057142857,0.64244898,13,1.857142857,120,-4.37E-06,-2.84E-07,-5.57E-09,0.857142857,0,0,3,-1.06E-07,-1.12E-05,,1
146,0,0,0,0,47,-9.13E-06,-4.16E-07,0,0,0,0,2,0,-3.45E-04,,1
147,0,0.082857143,1,1,119,-6.65E-05,-2.52E-06,0,0,0,0,1,0,-2.83E-06,,1
148,0,0.41,2,2,140,-5.69E-06,-2.94E-07,0,3,0,0,0,0,-4.91E-06,,1
149,0.002857143,0.37,5,2.5,132.5,-2.41E-05,-1.85E-06,0,1,0,0,1,-1.19E-08,-1.66E-03,,1
150,0,0.082857143,1,1,39,-3.09E-06,-5.37E-08,0,0,0,0,0,0,-5.61E-07,,1
151,0,0.082857143,1,1,84,-2.76E-05,-1.33E-06,0,0,0,0,0,0,-2.08E-05,,1
152,0.088571429,0.558681319,11,0.846153846,61.76923077,-1.09E-05,-5.46E-07,0,0.461538462,0,0,4,-1.61E-07,-1.36E-05,,1
153,0,0.164285714,1,1,114,-5.55E-06,-5.73E-08,0,1,0,0,1,0,-1.36E-07,,1
154,0.011428571,0.552142857,7,1.75,92.75,-1.64E-06,-1.32E-07,0,1.25,0,0,4,-2.30E-08,-8.61E-08,,1
155,0.051428571,0.210204082,4,0.571428571,119.7142857,-1.53E-05,-8.71E-07,0,0.285714286,0,0,6,-1.08E-07,-6.19E-07,,1
156,0,0.165714286,2,2,65,-1.77E-05,-5.67E-07,0,0,0,0,1,0,-1.67E-04,,1
157,0.2,0.081428571,0,0,93,-1.21E-05,-3.12E-07,-1.06E-08,0.5,0,0,1,-3.59E-07,-3.49E-06,,1
158,0.054285714,0.082857143,4,1,84,-3.38E-05,-1.92E-06,-3.84E-09,0,0,0,1,-6.90E-08,-1.12E-04,,1
159,0.074285714,0.247142857,4,2,98.5,-1.06E-05,-5.44E-07,-3.47E-09,0.5,0,0,1,-8.66E-08,-3.58E-05,,1
160,0.228571429,0.698571429,9,4.5,141,-2.20E-03,-6.22E-06,0,2,0,0,1,-3.00E-07,-2.99E-05,,-1
161,0,0.247142857,4,2,83.5,-1.03E-04,-7.68E-06,0,0.5,0,0,1,0,-1.46E-05,,1
162,0,0.164285714,1,1,66,-1.38E-05,-4.11E-07,0,1,0,0,1,0,-1.93E-04,,1
163,0,0.247142857,2,2,80,-1.40E-05,-5.95E-07,0,1,0,0,1,0,-2.01E-04,,1
164,0,0.247142857,2,2,141,-2.42E-04,-9.69E-06,0,1,0,0,1,0,-1.97E-04,,1
165,0.028571429,0.165714286,6,2,69.33333333,-2.44E-06,-7.96E-08,-3.46E-09,0,0,0,3,-3.12E-08,-1.55E-06,,1
166,0,0,0,0,60,-1.56E-04,-1.19E-06,0,0,0,0,1,0,-2.07E-08,,1
167,0,0,0,0,41,-3.47E-05,-1.93E-06,0,0,0,0,1,0,-2.71E-05,,1
168,0,0.164285714,1,1,140,-2.24E-06,-2.50E-07,0,1,0,0,0,0,-1.16E-04,,1
169,0,0.412857143,4,4,98,-1.61E-07,-1.86E-08,0,1,0,0,0,0,-1.04E-06,,1
170,0,0.331428571,4,4,76,-1.34E-04,-2.64E-06,0,0,0,0,1,0,-1.67E-06,,1
171,0.002857143,0.124285714,3,1.5,65.5,-4.37E-05,-2.23E-06,0,0,0,0,2,-5.08E-08,-1.06E-04,,1
172,0.037142857,0.29952381,2,0.666666667,124,-1.77E-06,-4.85E-08,0,1,0,0,0,-4.85E-08,-1.22E-05,,1
173,0,0.33,3,3,72,-2.18E-05,-1.02E-06,0,1,0,0,1,0,-1.23E-04,,1
174,0.002857143,0.245714286,2,1,90.5,-4.84E-06,-1.01E-07,0,1,0,0,2,-1.01E-08,-4.95E-04,,1
175,0,0.245714286,1,1,140,-5.74E-05,-3.81E-06,0,2,0,0,0,0,-2.05E-04,,1
176,0.028571429,0.274761905,7,2.333333333,80,-4.65E-05,-4.70E-06,0,0.333333333,0,0,0,-9.29E-08,-1.22E-04,,1
177,0.005714286,0.245714286,2,1,139.5,-7.82E-06,-3.27E-07,-3.94E-09,1,0,0,0,-3.94E-09,-3.56E-06,,1
178,0,0.495714286,5,5,140,-9.15E-07,-1.35E-08,0,1,0,0,1,0,-5.74E-08,,1
179,0,0.164285714,1,1,118,-1.67E-05,-4.74E-07,0,1,0,0,0,0,-1.61E-04,,1
180,0.028571429,0.227857143,11,2.75,88.25,-1.81E-06,-9.79E-08,-4.08E-09,0,0,0,0,-3.67E-08,-8.29E-06,,1
181,0.002857143,0.368571429,3,1.5,139.5,-1.19E-04,-6.13E-06,0,1.5,0,0,1,-7.96E-08,-1.59E-04,,1
182,0.068571429,0.247142857,6,2,123.6666667,-2.52E-06,-1.18E-07,-3.81E-09,0.333333333,0,0,3,-8.77E-08,-1.91E-06,,1
183,0,0.41,2,2,140,-2.22E-06,-2.33E-07,0,3,0,0,2,0,-3.23E-07,,1
184,0.688571429,0.41,6,2,121.3333333,-4.25E-05,-4.84E-06,-3.28E-08,1,0,0,2,-1.55E-06,-2.55E-03,,1
185,0,0.247142857,2,2,140,-3.85E-05,-2.41E-06,0,1,0,0,1,0,-7.43E-05,,1
186,0.031428571,0.494285714,8,4,141,-1.27E-05,-2.27E-07,0,1,0,0,0,-3.90E-08,-2.60E-05,,1
187,0,0.661428571,7,7,140,-5.11E-06,-1.10E-06,0,1,0,0,1,0,-3.03E-05,,1
188,0,0.082857143,1,1,117,-4.34E-03,-1.37E-05,0,0,0,0,1,0,-1.93E-05,,1
189,0,0.245714286,1,1,130,-9.28E-07,-5.69E-08,0,2,0,0,1,0,-5.82E-05,,1
190,0.3,0.531428571,6,1.5,139.5,-8.07E-06,-5.83E-07,-3.89E-09,1.25,0,0,0,-4.05E-07,-3.76E-05,,1
191,0,0,0,0,33,-6.01E-06,-2.98E-07,0,0,0,0,1,0,-2.39E-05,,1
192,1.285714286,1.895714286,65,2.24137931,114.5172414,-8.00E-04,-7.90E-06,-3.65E-08,0.724137931,0,0,26,-1.46E-06,-6.39E-05,,-1
193,0,0.412857143,4,4,140,-3.38E-05,-1.26E-06,0,1,0,0,1,0,-3.52E-05,,1
194,0.828571429,1.396349206,19,2.111111111,139.1111111,-3.46E-02,-0.000144793,0,1.666666667,0,0,4,-1.06E-06,-1.31E-07,,-1
195,0,0.164285714,1,1,106,-2.67E-06,-7.98E-08,0,1,0,0,1,0,-4.26E-05,,1
196,0,0.248571429,3,3,141,-4.48E-05,-1.18E-06,0,0,0,0,1,0,-1.27E-05,,1
197,0,0,0,0,56,-6.58E-06,-3.11E-07,0,0,0,0,1,0,-2.57E-05,,1
198,0,0.164285714,1,1,90,-3.81E-06,-3.35E-07,0,1,0,0,1,0,-2.81E-07,,1
199,0,0.248571429,3,3,79,-5.05E-04,-2.69E-05,0,0,0,0,0,0,-3.24E-04,,1
200,0,0.33,3,3,112,-5.85E-07,-5.60E-08,0,1,0,0,1,0,-1.55E-06,,1
201,0,0.414285714,5,5,140,-1.32E-05,-2.12E-06,0,0,0,0,1,0,-9.45E-06,,1
202,0,0.082857143,1,1,145,-2.64E-05,-1.13E-06,0,0,0,0,1,0,-8.42E-04,,1
203,0,0.082857143,1,1,140,-1.65E-05,-1.45E-06,0,0,0,0,1,0,-1.72E-05,,1
204,0.014285714,0.571428571,3,1,135.3333333,-1.92E-07,0,0,2,0,0,0,-2.75E-08,-5.37E-06,,1
205,0.088571429,0.512142857,9,2.25,105.5,-9.65E-06,-2.74E-07,0,1,0,0,4,-3.27E-07,-2.04E-05,,1
206,0,0.162857143,0,0,140,-1.50E-05,-1.05E-06,0,2,0,0,0,0,-5.74E-05,,1
207,0,0,0,0,140,-6.46E-03,-5.55E-05,0,0,0,0,1,0,-1.33E-08,,1
208,0.068571429,0.41,4,2,135.5,-2.57E-04,-1.93E-05,-9.62E-09,1.5,0,0,2,-1.06E-07,-1.08E-04,,1
209,0.554285714,0.441714286,7,1.4,139.6,-3.95E-04,-4.64E-06,0,0.8,0,0,2,-6.94E-07,-1.10E-06,,1
210,0,0.082857143,1,1,140,-8.62E-04,-3.46E-06,0,0,0,0,1,0,-4.32E-07,,1
211,0.085714286,0.247142857,4,2,127,-5.82E-04,-3.74E-06,0,0.5,0,0,2,-1.02E-07,-3.56E-05,,1
212,0.002857143,0.452857143,7,3.5,117,-8.99E-07,-4.31E-08,0,1,0,0,2,-6.16E-09,-7.24E-06,,-1
213,0,0.164285714,1,1,102,-4.97E-02,-0.000321954,0,1,0,0,1,0,-3.62E-05,,1
214,0.165714286,1.020420168,59,3.470588235,60.29411765,-3.02E-06,-2.73E-07,-6.91E-09,0.529411765,0,0,4,-1.93E-07,-1.67E-05,,-1
215,0,0,0,0,26,-1.47E-05,-1.46E-06,0,0,0,0,1,0,-2.81E-05,,1
216,0.028571429,0.082857143,2,1,64.5,-1.56E-05,-6.23E-07,0,0,0,0,0,-5.72E-08,-1.94E-05,,1
217,0.022857143,0.29952381,2,0.666666667,140,-4.96E-04,-4.19E-06,-9.82E-09,1,0,0,2,-6.88E-08,-1.27E-05,,-1
218,0,0.247142857,2,2,133,-2.50E-04,-6.61E-06,0,1,0,0,1,0,-1.05E-04,,1
219,0,0.082857143,1,1,44,-1.63E-06,-9.04E-08,0,0,0,0,0,0,-1.70E-07,,1
220,0,0.165714286,2,2,89,-1.24E-06,-6.16E-08,0,0,0,0,2,0,-3.15E-07,,1
221,0.011428571,0.572857143,6,2,100.3333333,-1.23E-06,-3.25E-07,0,1.666666667,0,0,3,-1.45E-08,-1.37E-06,,1
222,0.482857143,0.408571429,4,1,99.75,-4.12E-06,-2.82E-07,-4.27E-09,1,0,0,4,-7.17E-07,-3.87E-05,,1
223,0,0.245714286,1,1,141,-2.54E-05,-3.43E-07,0,2,0,0,1,0,-3.78E-05,,1
224,0.034285714,0.465238095,8,2.666666667,134,-9.33E-07,-6.26E-09,0,1,0,0,2,-7.51E-08,-1.63E-06,,1
225,0,0.245714286,1,1,140,-1.29E-05,-3.81E-07,0,2,0,0,1,0,-3.89E-05,,1
226,0.002857143,0.452857143,7,3.5,140,-2.33E-05,-9.77E-07,0,1,0,0,1,-1.14E-08,-1.17E-05,,-1
227,0,0.164285714,1,1,140,-4.12E-04,-2.15E-05,0,1,0,0,0,0,-8.61E-05,,1
228,0.32,0.269387755,18,1.285714286,100.9285714,-1.19E-06,-1.20E-07,-7.50E-08,0.142857143,0,0,10,-3.45E-07,-2.86E-05,,1
229,0.177142857,0.318857143,9,0.9,65.5,-1.48E-04,-2.73E-06,0,0.3,0,0,8,-2.35E-07,-6.92E-06,,1
230,0.088571429,0.11047619,8,1.333333333,59,-1.83E-05,-1.43E-06,-4.41E-09,0,0,0,3,-1.32E-07,-6.81E-06,,1
231,0,0.082857143,1,1,140,-2.38E-03,-2.84E-05,0,0,0,0,1,0,-4.03E-06,,1
232,0,0.247142857,2,2,140,-7.96E-04,-4.24E-05,0,1,0,0,0,0,-1.06E-04,,1
233,0,0.247142857,2,2,119,-6.24E-06,-4.89E-07,0,1,0,0,1,0,-1.66E-04,,1
234,0.005714286,0.328571429,4,2,76,-3.25E-05,-1.52E-06,0,1,0,0,1,-2.39E-08,-4.87E-05,,1
235,0,0.082857143,1,1,61,-1.95E-05,-1.34E-06,0,0,0,0,0,0,-9.11E-06,,1
236,0,0.245714286,1,1,129,-5.27E-06,-2.21E-07,0,2,0,0,1,0,-7.69E-05,,1
237,0,0.411428571,3,3,140,-2.31E-05,-4.16E-07,0,2,0,0,0,0,-8.34E-06,,1
238,0,0.41,2,2,116,-8.19E-05,-2.70E-06,0,3,0,0,1,0,-3.06E-04,,1
239,0.14,0.429285714,10,1.25,89.375,-3.91E-06,-2.07E-07,-3.76E-09,0.5,0,0,3,-1.81E-07,-1.07E-04,,1
240,0.048571429,0.082857143,3,1,37.33333333,-1.17E-03,-5.17E-05,0,0,0,0,2,-1.03E-07,-4.58E-04,,1
241,0.102857143,0.185,5,1.25,114.5,-5.79E-06,-4.37E-07,0,0.25,0,0,5,-1.36E-07,-3.09E-07,,1
242,0.777142857,2.060186335,52,2.260869565,126.0869565,-8.87E-04,-5.16E-06,-6.54E-09,1,0,0,19,-8.83E-07,-4.50E-06,,-1
243,0,0.082857143,1,1,41,-2.91E-06,-1.31E-07,0,0,0,0,1,0,-5.58E-06,,1
244,0,0.165714286,2,2,122,-7.58E-05,-2.39E-06,0,0,0,0,0,0,-1.51E-05,,1
245,0,0.164285714,1,1,140,-1.99E-05,-1.59E-06,0,1,0,0,0,0,-4.76E-06,,1
246,0.125714286,0.546666667,8,2.666666667,134,-1.77E-04,-4.45E-06,-1.52E-08,1.333333333,0,0,2,-1.52E-07,-3.72E-05,,-1
247,0.005714286,0.45,3,1.5,127,-1.12E-05,-4.67E-07,0,2,0,0,1,-1.09E-08,-1.54E-05,,1
248,0.354285714,0.436190476,8,1.333333333,111.3333333,-1.69E-05,-1.97E-06,-1.12E-08,0.666666667,0,0,5,-4.52E-07,-6.63E-05,,1
249,0,0.082857143,1,1,134,-2.03E-06,-1.11E-07,0,0,0,0,1,0,-1.53E-05,,1
250,0.017142857,0.300952381,5,1.666666667,126,-1.58E-06,-2.13E-07,0,0.666666667,0,0,2,-2.13E-08,-1.97E-06,,1
251,0.017142857,0.491428571,6,2,102,-1.30E-05,-1.14E-06,-3.79E-09,1.333333333,0,0,3,-1.89E-08,-5.26E-06,,1
252,0,0,0,0,140,-8.95E-06,-6.93E-07,0,0,0,0,1,0,-1.09E-05,,1
253,0,0.082857143,1,1,107,-5.92E-03,-3.02E-05,0,0,0,0,2,0,-5.08E-05,,1
254,0,0.164285714,1,1,94,-2.47E-05,-1.51E-06,0,1,0,0,0,0,-8.86E-05,,1
255,0,0.164285714,1,1,86,-2.04E-05,-3.62E-07,0,1,0,0,1,0,-1.01E-04,,1
256,0,0.081428571,0,0,140,-4.97E-04,-2.34E-05,0,1,0,0,0,0,-6.68E-04,,1
257,0.048571429,0.136666667,2,0.666666667,103.3333333,-1.53E-05,-2.55E-07,-5.47E-08,0.333333333,0,0,2,-1.00E-07,-1.74E-05,,1
258,0.125714286,0.358214286,11,1.375,85.125,-4.58E-06,-1.61E-07,-1.53E-08,0.375,0,0,3,-1.53E-07,-6.25E-05,,1
259,0,0.165714286,2,2,30,-4.14E-05,-2.69E-06,0,0,0,0,0,0,-2.03E-05,,1
260,0,0.081428571,0,0,140,-9.22E-06,-4.78E-07,0,1,0,0,0,0,-2.12E-05,,1
261,0.137142857,0.778571429,21,3.5,133.6666667,-2.91E-06,-3.13E-07,-4.96E-09,1,0,0,0,-2.33E-07,-4.89E-05,,1
262,0,0.081428571,0,0,49,-5.41E-06,-1.85E-07,0,1,0,0,1,0,-1.86E-05,,1
263,0.077142857,0.637714286,18,1.8,106.4,-6.71E-05,-1.01E-06,-7.17E-09,0.6,0,0,6,-8.96E-08,-5.02E-06,,1
264,0,0.082857143,1,1,119,-3.23E-06,-2.12E-07,0,0,0,0,0,0,-1.62E-05,,1
265,0,0.245714286,1,1,141,-6.42E-06,-3.84E-07,0,2,0,0,1,0,-4.43E-05,,1
266,0,0.082857143,1,1,140,-1.55E-04,-2.69E-06,0,0,0,0,1,0,-2.83E-04,,1
267,0,0.247142857,2,2,90,-5.93E-05,-2.81E-06,0,1,0,0,1,0,-9.24E-05,,1
268,0,0.082857143,1,1,97,-4.08E-06,-9.49E-08,0,0,0,0,1,0,-5.79E-07,,1
269,0.151428571,0.287142857,3,1.5,124,-1.02E-05,-4.71E-07,-5.45E-08,1,0,0,2,-1.52E-07,-2.96E-07,,1
270,0,0.082857143,1,1,58,-1.25E-04,-1.13E-06,0,0,0,0,0,0,-1.92E-05,,1
271,0.077142857,0.176122449,8,1.142857143,74.14285714,-1.25E-05,-3.93E-07,-3.75E-09,0.142857143,0,0,1,-9.74E-08,-6.33E-07,,1
272,0,0.247142857,2,2,139,-2.90E-04,-1.47E-05,0,1,0,0,1,0,-1.11E-03,,1
273,0.34,0.382380952,5,1.666666667,114,-6.64E-05,-4.02E-06,-7.99E-08,1,0,0,1,-3.16E-07,-4.37E-05,,1
274,0.014285714,0.285714286,1,0.5,122.5,-3.43E-05,-1.60E-06,0,1.5,0,0,0,-5.68E-08,-3.97E-04,,1
275,0.1,0.683333333,30,3.333333333,100.2222222,-4.23E-05,-3.69E-06,-1.36E-08,0.555555556,0,0,6,-2.25E-07,-3.33E-05,,1
276,0,0.164285714,1,1,140,-8.75E-06,-4.98E-07,0,1,0,0,0,0,-1.74E-05,,1
277,0,0.164285714,1,1,110,-4.40E-04,-1.50E-05,0,1,0,0,2,0,-1.17E-04,,1
278,0,0.164285714,1,1,90,-2.59E-06,-1.54E-07,0,1,0,0,1,0,-2.37E-07,,1
279,0,0.164285714,1,1,142,-3.35E-05,-3.02E-06,0,1,0,0,0,0,-3.78E-05,,1
280,0,0.164285714,1,1,144,-3.72E-05,-3.95E-07,0,1,0,0,1,0,-2.81E-06,,1
281,0.011428571,0.465238095,8,2.666666667,114.3333333,-1.16E-05,-3.56E-07,0,1,0,0,0,-5.28E-08,-6.18E-05,,1
282,0.002857143,0.165714286,4,2,72,-1.42E-05,-8.09E-07,0,0,0,0,2,-8.79E-09,-4.43E-05,,1
283,0.157142857,0.470714286,21,1.75,85.25,-1.30E-05,-9.66E-07,-2.68E-08,0.333333333,0,0,4,-1.84E-07,-1.38E-05,,1
284,0.008571429,0.247142857,4,2,104.5,-1.44E-04,-1.15E-05,0,0.5,0,0,1,-1.20E-07,-2.87E-04,,1
285,0.117142857,1.235333333,32,2.133333333,93.53333333,-2.78E-05,-6.64E-07,-3.39E-09,0.866666667,0,0,7,-1.36E-07,-6.41E-05,,1
286,0,0.164285714,1,1,140,-8.33E-06,-3.45E-07,0,1,0,0,1,0,-1.30E-04,,1
287,0,0.165714286,2,2,69,-1.09E-05,-5.24E-07,0,0,0,0,1,0,-7.66E-06,,1
288,0,0.162857143,0,0,63,-3.50E-07,-5.30E-08,0,2,0,0,1,0,-1.98E-06,,1
289,0,0.165714286,2,2,67,-4.99E-05,-1.45E-06,0,0,0,0,0,0,-3.06E-05,,1
290,0,0.082857143,1,1,100,-2.96E-06,-1.57E-07,0,0,0,0,1,0,-6.74E-05,,1
291,0,0,0,0,84,-1.62E-05,-1.02E-06,0,0,0,0,1,0,-4.30E-05,,1
292,0,0.33,3,3,140,-5.50E-05,-2.43E-06,0,1,0,0,0,0,-1.29E-05,,1
293,0,0.082857143,1,1,36,-3.80E-03,-0.000141247,0,0,0,0,0,0,-6.54E-05,,1
294,0.1,0.066285714,4,0.8,88.6,-9.84E-06,-2.90E-07,-5.36E-09,0,0,0,3,-1.82E-07,-4.39E-05,,1
295,0,0,0,0,27,-1.13E-05,-1.60E-07,0,0,0,0,1,0,-2.28E-05,,1
296,0.451428571,1.1325,15,1.875,138,-7.59E-02,-0.000351975,0,1.5,0,0,3,-5.09E-07,-2.90E-08,,-1
297,0,0.247142857,2,2,96,-2.00E-06,-3.80E-08,0,1,0,0,1,0,-3.80E-04,,1
298,0.1,0.463809524,5,1.666666667,103.3333333,-6.86E-07,-3.57E-09,-3.57E-09,1.333333333,0,0,3,-1.21E-07,-3.48E-06,,1
299,0,0.247142857,2,2,87,-6.91E-06,-2.79E-06,0,1,0,0,1,0,-3.26E-06,,1
300,0,0.245714286,1,1,148,-2.44E-06,-1.67E-07,0,2,0,0,0,0,-5.58E-07,,1
301,0.008571429,0.300952381,5,1.666666667,85.33333333,-2.89E-06,-4.32E-08,0,0.666666667,0,0,1,-1.62E-08,-1.25E-06,,1
302,0.1,0.164285714,3,1,78.33333333,-2.19E-06,-8.48E-08,-6.94E-08,0.333333333,0,0,3,-6.55E-08,-6.74E-06,,1
303,0,0,0,0,57,-7.34E-06,0,0,0,0,0,1,0,-1.13E-06,,1
304,0,0.082857143,1,1,48,-8.87E-05,-1.53E-06,0,0,0,0,1,0,-4.32E-07,,1
305,0.151428571,0.081428571,0,0,134,-4.29E-06,-1.88E-07,0,0.5,0,0,1,-1.78E-07,-2.68E-06,,1
306,0.077142857,0.603333333,13,4.333333333,121.6666667,-5.87E-06,-7.10E-07,0,1,0,0,1,-2.49E-07,-1.06E-04,,-1
307,0,0.082857143,1,1,94,-8.54E-06,-5.07E-07,0,0,0,0,0,0,-2.38E-06,,1
308,0,0.165714286,2,2,28,-2.02E-04,0,0,0,0,0,0,0,-3.40E-04,,1
309,0.117142857,0.328571429,4,2,87.5,-4.91E-07,-4.87E-08,0,1,0,0,2,-1.66E-07,-4.20E-05,,1
310,0,0,0,0,62,-1.67E-05,-2.86E-07,0,0,0,0,1,0,-3.24E-05,,1
311,0,0.082857143,1,1,130,-2.20E-06,-9.52E-08,0,0,0,0,0,0,-1.05E-06,,1
312,0,0.082857143,1,1,139,-5.25E-05,-4.49E-06,0,0,0,0,1,0,-8.21E-05,,1
313,0,0.164285714,1,1,139,-1.57E-05,-1.40E-06,0,1,0,0,0,0,-1.30E-04,,1
314,0,0.300952381,5,1.666666667,119.3333333,-2.20E-05,-2.10E-06,0,0.666666667,0,0,1,0,-9.22E-05,,1
315,0.248571429,0.571428571,8,1,94.625,-1.22E-05,-2.40E-07,0,0.75,0,0,6,-4.75E-07,-1.15E-04,,-1
316,0,0.412857143,4,4,140,-2.90E-06,-5.25E-08,0,1,0,0,1,0,-6.35E-06,,1
317,0.034285714,0.082857143,2,1,95,-1.19E-05,-6.41E-07,-4.09E-09,0,0,0,1,-4.49E-08,-8.42E-05,,1
318,0,0.164285714,1,1,142,-2.69E-06,-1.02E-07,0,1,0,0,0,0,-2.78E-05,,1
319,0,0.247142857,2,2,62,-6.46E-06,-1.74E-07,0,1,0,0,1,0,-2.83E-04,,1
320,0,0.082857143,1,1,141,-3.38E-06,-1.89E-07,0,0,0,0,1,0,-7.61E-06,,1
321,0.045714286,0.122857143,1,0.5,90,-1.52E-05,-1.46E-06,0,0.5,0,0,0,-1.43E-07,-2.56E-05,,1
322,0.194285714,0.229142857,4,0.8,124.2,-2.52E-01,-0.000829236,0,0.4,0,0,8,-4.23E-07,-9.10E-06,,1
323,0,0.082857143,1,1,108,-3.54E-06,-1.54E-07,0,0,0,0,1,0,-1.26E-05,,1
324,0.074285714,0.327142857,3,1,127.3333333,-1.74E-05,-2.86E-07,-7.07E-09,1,0,0,2,-8.48E-08,-3.40E-04,,1
325,0.005714286,0.408571429,2,1,122,-5.29E-04,-1.95E-05,0,2,0,0,2,-1.16E-08,-5.46E-05,,1
326,0.031428571,0.247142857,4,2,89,-9.55E-06,-3.90E-07,0,0.5,0,0,2,-3.97E-08,-1.23E-05,,1
327,0,0.328571429,2,2,140,-7.68E-06,-3.26E-07,0,2,0,0,0,0,-1.37E-05,,1
328,0,0.247142857,2,2,139,-1.03E-04,-6.42E-06,0,1,0,0,0,0,-9.74E-05,,1
329,0.062857143,0.287142857,3,1.5,113.5,-4.30E-05,-1.94E-06,-3.55E-08,1,0,0,1,-2.25E-07,-3.44E-04,,1
330,0,0.164285714,1,1,140,-2.25E-06,-1.12E-07,0,1,0,0,1,0,-3.39E-05,,1
331,0,0.492857143,3,3,143,-9.78E-07,-2.57E-08,0,3,0,0,1,0,-1.32E-05,,1
332,0.005714286,0.081428571,0,0,33,-1.37E-05,-6.46E-07,0,0.5,0,0,2,-2.35E-08,-1.08E-03,,1
333,0,0,0,0,37,-1.74E-06,-1.17E-07,0,0,0,0,1,0,-2.23E-06,,1
334,0.02,0.081428571,0,0,142,-5.34E-06,-1.81E-07,-1.01E-08,0.5,0,0,1,-6.05E-08,-1.78E-04,,1
335,0,0.081428571,0,0,97,-1.69E-05,-3.02E-07,0,1,0,0,1,0,-4.10E-04,,1
336,0.025714286,0.245714286,2,1,101.5,-6.35E-04,-1.10E-05,0,1,0,0,0,-9.44E-08,-3.93E-05,,1
337,0.471428571,0.408571429,10,1,106,-2.77E-05,-8.12E-07,-1.35E-08,0.4,0,0,6,-1.10E-06,-1.12E-05,,-1
338,0.202857143,0.271904762,1,0.333333333,126,-2.25E-04,-1.28E-06,0,1,0,0,1,-3.31E-07,-2.55E-05,,1
339,0.128571429,0.408571429,6,1,122.6666667,-7.87E-06,-4.70E-07,-3.36E-09,0.666666667,0,0,1,-1.48E-07,-1.12E-04,,1
340,0.017142857,0.124285714,3,1.5,88.5,-5.15E-06,-9.06E-08,0,0,0,0,2,-4.53E-08,-2.14E-06,,1
341,0,0.247142857,2,2,140,-5.99E-04,-4.58E-05,0,1,0,0,0,0,-5.62E-04,,1
342,0,0.248571429,3,3,118,-1.68E-03,-9.13E-05,0,0,0,0,0,0,-3.97E-04,,1
343,0.194285714,0.37,5,2.5,105.5,-1.83E-07,-2.34E-08,-3.89E-09,1,0,0,2,-2.61E-07,-1.71E-06,,-1
344,0,0.081428571,0,0,142,-4.95E-05,-4.44E-07,0,1,0,0,0,0,-6.26E-06,,1
345,0,0.082857143,1,1,64,-1.38E-07,-7.46E-09,0,0,0,0,1,0,-2.50E-07,,1
346,0.197142857,0.429285714,5,1.25,110.25,-1.91E-06,-1.14E-07,-1.22E-08,1,0,0,2,-2.68E-07,-3.38E-06,,1
347,0,0.082857143,1,1,140,-1.32E-06,-9.02E-08,0,0,0,0,1,0,-2.53E-05,,1
348,0.04,0.273333333,4,1.333333333,114.6666667,-5.73E-06,-2.20E-07,-1.07E-08,0.666666667,0,0,3,-6.45E-08,-9.68E-06,,1
349,0,0.412857143,4,4,160,-4.24E-02,-0.002144788,0,1,0,0,1,0,-2.58E-02,,1
350,0,0.164285714,1,1,104,-1.42E-05,-3.57E-07,0,1,0,0,1,0,-1.62E-06,,1
351,0,0.248571429,3,3,83,-7.87E-07,-3.34E-08,0,0,0,0,0,0,-2.87E-06,,1
352,0,0.412857143,4,4,140,-1.62E-06,-9.64E-08,0,1,0,0,1,0,-8.00E-06,,1
353,0.068571429,0.547362637,22,1.692307692,89.23076923,-1.09E-05,-1.18E-06,0,0.384615385,0,0,12,-8.07E-08,-6.02E-06,,1
354,0,0.165714286,2,2,125,-6.73E-06,-4.12E-07,0,0,0,0,0,0,-7.02E-05,,1
355,0.014285714,0.082857143,2,1,109.5,-2.39E-06,-1.30E-07,0,0,0,0,1,-1.86E-08,-1.31E-05,,1
356,0,0.412857143,4,4,137,-5.29E-04,-3.00E-05,0,1,0,0,1,0,-8.18E-04,,1
357,0,0.165714286,2,2,85,-3.01E-04,-7.76E-06,0,0,0,0,1,0,-2.08E-07,,1
358,0,0,0,0,60,-2.15E-05,-1.84E-06,0,0,0,0,1,0,-5.03E-05,,1
359,0.32,0.944603175,23,2.555555556,104.8888889,-1.68E-05,-1.96E-06,-3.73E-09,1,0,0,6,-4.14E-07,-7.06E-06,,-1
360,0,0.164285714,1,1,88,-1.72E-05,-1.89E-06,0,1,0,0,1,0,-1.24E-05,,1
361,0,0.162857143,0,0,131,-1.51E-05,-6.83E-07,0,2,0,0,1,0,-2.58E-06,,1
362,0.214285714,0.492857143,6,3,136.5,-1.04E-04,-4.43E-07,-8.61E-09,1.5,0,0,1,-3.14E-07,-1.40E-04,,-1
363,0,0.165714286,2,2,72,-3.11E-05,-3.06E-06,0,0,0,0,1,0,-1.38E-06,,1
364,0.06,0.271904762,1,0.333333333,102.6666667,-3.35E-06,-1.75E-07,-9.00E-09,1,0,0,2,-8.55E-08,-1.96E-04,,1
365,0,0.164285714,1,1,140,-8.24E-05,-3.24E-06,0,1,0,0,0,0,-1.17E-05,,1
366,0,0.247142857,2,2,110,-7.79E-05,-1.45E-07,0,1,0,0,1,0,-6.74E-05,,1
367,0,0,0,0,26,-3.12E-06,-2.21E-07,0,0,0,0,1,0,-4.40E-06,,1
368,1.234285714,0.565952381,23,1.916666667,106,-6.61E-04,-9.98E-06,-6.38E-07,0.416666667,0,0,9,-9.93E-07,-1.28E-04,,-1
369,0,0.081428571,0,0,49,-3.48E-06,-1.86E-07,0,1,0,0,1,0,-3.75E-05,,1
370,0,0.082857143,1,1,110,-1.76E-05,-1.93E-06,0,0,0,0,1,0,-3.10E-05,,1
371,0.011428571,0.082857143,2,1,139,-8.97E-07,-6.46E-08,0,0,0,0,1,-1.52E-08,-9.89E-07,,1
372,0.088571429,0.245714286,3,1,102,-1.16E-05,-7.35E-07,-4.72E-08,0.666666667,0,0,2,-1.15E-07,-2.02E-04,,1
373,0.002857143,0.604761905,16,5.333333333,114.3333333,-1.98E-05,-1.12E-07,0,0.666666667,0,0,2,-5.62E-08,-4.16E-06,,-1
374,0,0.165714286,2,2,69,-1.81E-03,-9.61E-05,0,0,0,0,1,0,-3.10E-03,,1
375,0,0.165714286,2,2,129,-1.34E-03,-5.64E-05,0,0,0,0,1,0,-1.08E-03,,1
376,0.005714286,0.41,4,2,94,-6.11E-05,-2.39E-06,0,1.5,0,0,2,-7.63E-09,-5.70E-05,,1
377,0,0.247142857,2,2,81,-1.34E-05,-6.84E-07,0,1,0,0,1,0,-1.71E-05,,1
378,0.028571429,0.165714286,4,2,56,-1.91E-05,-1.27E-06,-1.65E-08,0,0,0,0,-1.48E-07,-4.24E-05,,1
379,0,0.164285714,1,1,140,-2.71E-05,-1.26E-06,0,1,0,0,0,0,-1.24E-05,,1
380,0,0.248571429,3,3,99,-4.24E-05,-2.04E-06,0,0,0,0,0,0,-6.77E-05,,1
381,0,0.164285714,1,1,110,-3.82E-05,-1.45E-06,0,1,0,0,1,0,-4.30E-05,,1
382,0,0.082857143,1,1,23,-1.74E-05,-6.11E-07,0,0,0,0,0,0,-1.78E-06,,1
383,0,0.164285714,1,1,144,-4.08E-06,-1.86E-07,0,1,0,0,0,0,-5.69E-06,,1
384,0.057142857,0.554857143,4,0.8,128,-1.27E-03,-1.88E-05,0,1.2,0,0,4,-7.46E-08,-5.85E-06,,1
385,0,0.164285714,1,1,97,-1.12E-05,-5.34E-07,0,1,0,0,0,0,-5.17E-04,,1
386,0,0.082857143,1,1,84,-4.50E-06,-3.01E-07,0,0,0,0,0,0,-1.39E-05,,1
387,0.308571429,0.287142857,3,1.5,140,-1.18E-05,-2.92E-06,-5.99E-09,1,0,0,0,-6.41E-07,-3.44E-04,,1
388,0.337142857,0.136666667,2,0.666666667,53.33333333,-9.61E-06,-8.82E-07,0,0.333333333,0,0,3,-3.91E-07,-1.01E-05,,1
389,0.028571429,0.164285714,3,1,112,-9.79E-05,-1.16E-05,0,0.333333333,0,0,2,-1.01E-07,-2.22E-05,,1
390,0,0.081428571,0,0,74,-1.12E-05,-6.61E-07,0,1,0,0,1,0,-4.54E-05,,1
391,0,0.164285714,1,1,140,-1.05E-06,-9.67E-09,0,1,0,0,0,0,-3.33E-06,,1
392,0.005714286,0.37,5,2.5,107,-9.08E-06,-3.05E-07,0,1,0,0,1,-1.19E-08,-8.29E-05,,-1
393,0.045714286,0.45,6,1.5,100,-2.57E-06,-2.25E-07,-3.26E-09,1,0,0,4,-4.90E-08,-4.88E-06,,1
394,0,0.082857143,1,1,54,-8.59E-06,-6.75E-07,0,0,0,0,1,0,-5.41E-06,,1
395,0,0.164285714,1,1,85,-7.51E-05,-7.30E-06,0,1,0,0,0,0,-2.84E-05,,1
396,0.477142857,0.189142857,26,1.3,128.1,-8.09E-03,-2.74E-05,0,0.05,0,0,29,-6.59E-07,-1.75E-06,,1
397,0,0,0,0,88,-5.86E-06,-3.21E-07,0,0,0,0,1,0,-6.27E-06,,1
398,0,0.081428571,0,0,85,-2.78E-04,-1.95E-05,0,1,0,0,1,0,-1.50E-05,,1
399,0,0.245714286,1,1,140,-9.27E-06,-4.36E-07,0,2,0,0,0,0,-2.44E-05,,1
400,0.037142857,0.103571429,5,1.25,67.25,-4.34E-05,-7.51E-07,0,0,0,0,2,-5.06E-08,-3.75E-06,,1
401,0,0.164285714,1,1,108,-1.32E-04,-1.64E-06,0,1,0,0,0,0,-7.34E-05,,1
402,0.005714286,0.082857143,2,1,67.5,-4.78E-06,-1.41E-07,0,0,0,0,0,-2.01E-08,-1.25E-05,,1
403,0,0,0,0,40,-5.67E-06,-2.68E-07,0,0,0,0,1,0,-4.45E-05,,1
404,0,0.081428571,0,0,49,-1.28E-05,-1.14E-07,0,1,0,0,1,0,-1.65E-05,,1
405,0.011428571,0.245714286,2,1,125,-2.93E-04,-3.01E-06,0,1,0,0,1,-4.31E-08,-6.24E-04,,1
406,0,0.247142857,2,2,76,-4.36E-06,0,0,1,0,0,0,0,-3.90E-05,,1
407,0.794285714,1.930952381,16,2.666666667,139.5,-3.75E-05,-3.47E-06,-1.07E-07,3.5,0,0,4,-8.25E-07,-3.59E-07,,-1
408,0,0.33,3,3,110,-1.68E-06,-2.72E-08,0,1,0,0,0,0,-2.33E-05,,1
409,0.005714286,0.654285714,4,2,132.5,-4.94E-07,-2.62E-08,-3.74E-09,3,0,0,2,-3.74E-09,-4.19E-07,,1
410,0,0.082857143,1,1,20,-4.66E-04,-1.85E-05,0,0,0,0,0,0,-1.55E-04,,1
411,0,0.245714286,1,1,139,-2.78E-05,-1.11E-06,0,2,0,0,0,0,-4.17E-04,,1
412,0,0.081428571,0,0,139,-1.14E-06,-6.03E-08,0,1,0,0,0,0,-7.60E-05,,1
413,0,0.081428571,0,0,140,-5.99E-06,-9.05E-08,0,1,0,0,0,0,-1.05E-05,,1
414,0,0.164285714,1,1,111,-1.51E-04,-3.21E-06,0,1,0,0,1,0,-3.26E-04,,1
415,0,0.081428571,0,0,140,-6.00E-06,-1.58E-07,0,1,0,0,0,0,-1.18E-05,,1
416,0,0.248571429,3,3,140,-6.57E-05,-3.81E-06,0,0,0,0,1,0,-7.49E-05,,1
417,0.011428571,0,0,0,99.5,-1.40E-04,-1.03E-06,0,0,0,0,2,-2.29E-08,-1.64E-05,,1
418,0.02,0.491428571,4,2,129,-1.77E-04,-1.02E-05,0,2,0,0,2,-6.68E-08,-5.26E-05,,1
419,0,0.247142857,2,2,125,-1.28E-04,-5.30E-06,0,1,0,0,1,0,-7.17E-05,,1
420,0,0.081428571,0,0,140,-4.94E-05,-4.44E-06,0,1,0,0,1,0,-6.18E-05,,1
421,0.248571429,0.49,3,1,140.3333333,-2.28E-03,-9.40E-06,-1.37E-08,1.666666667,0,0,3,-2.84E-07,-1.18E-04,,1
422,0,0.244285714,0,0,80,-4.27E-05,-1.82E-06,0,3,0,0,1,0,-1.03E-04,,1
423,0,0.081428571,0,0,97,-2.64E-06,-7.93E-08,0,1,0,0,1,0,-6.30E-06,,1
424,0.002857143,0.205714286,3,1.5,74.5,-2.67E-05,-6.55E-07,0,0.5,0,0,2,-6.48E-09,-6.81E-05,,1
425,0,0.164285714,1,1,108,-1.53E-04,-4.87E-06,0,1,0,0,1,0,-6.75E-04,,1
426,0,0.328571429,2,2,140,-1.28E-06,-1.37E-07,0,2,0,0,0,0,-7.55E-06,,1
427,0,0.165714286,2,2,53,-4.57E-06,-1.54E-07,0,0,0,0,0,0,-7.80E-06,,1
428,0,0.247142857,2,2,84,-2.97E-04,-1.38E-06,0,1,0,0,1,0,-5.77E-06,,1
429,0,0.164285714,1,1,73,-1.37E-06,-3.24E-08,0,1,0,0,1,0,-7.22E-06,,1
430,0.008571429,0.218095238,2,0.666666667,81.66666667,-7.21E-06,-5.09E-07,0,0.666666667,0,0,3,-1.06E-08,-8.49E-05,,1
431,0,0.247142857,2,2,115,-1.68E-05,-6.77E-07,0,1,0,0,0,0,-2.01E-04,,1
432,0,0.247142857,2,2,126,-9.37E-06,-3.90E-07,0,1,0,0,1,0,-3.26E-05,,1
433,0,0.245714286,1,1,140,-4.27E-06,-3.49E-07,0,2,0,0,0,0,-1.84E-04,,1
434,0.002857143,0.041428571,1,0.5,102.5,-2.65E-06,-1.30E-07,0,0,0,0,1,-3.52E-09,-2.33E-06,,1
435,0,0.164285714,1,1,136,-2.05E-04,-2.01E-06,0,1,0,0,1,0,-3.74E-05,,1
436,0,0.247142857,2,2,86,-2.33E-05,-9.80E-07,0,1,0,0,0,0,-6.89E-04,,1
437,0,0.165714286,2,2,74,-1.90E-05,-3.75E-06,0,0,0,0,1,0,-1.36E-05,,1
438,0.008571429,0.247142857,4,2,90,-8.10E-07,-6.98E-08,0,0.5,0,0,2,-1.16E-08,-3.88E-09,,1
439,0.231428571,0.245714286,4,1,124.5,-9.11E-06,-2.18E-07,0,0.5,0,0,3,-2.76E-07,-4.90E-05,,1
440,0,0.081428571,0,0,139,-1.65E-06,-2.68E-07,0,1,0,0,0,0,-1.07E-05,,1
441,0,0.248571429,3,3,110,-7.92E-07,-2.31E-08,0,0,0,0,0,0,-1.00E-05,,1
442,0,0.41,2,2,140,-1.16E-05,-4.28E-07,0,3,0,0,0,0,-4.29E-06,,1
443,0.02,0.379714286,18,3.6,123.6,-2.21E-06,-1.13E-07,-4.02E-09,0.2,0,0,7,-2.41E-08,-4.16E-06,,-1
444,0,0.33,3,3,119,-2.92E-03,-2.81E-05,0,1,0,0,1,0,-8.43E-04,,1
445,0.102857143,0.491428571,12,2,114.5,-3.23E-05,-5.44E-06,-5.66E-08,0.666666667,0,0,6,-7.92E-08,-3.11E-05,,-1
446,0,0.248571429,3,3,135,-2.79E-07,-8.58E-09,0,0,0,0,1,0,-4.45E-06,,1
447,0,0.082857143,1,1,36,-1.24E-05,-8.45E-07,0,0,0,0,0,0,-3.22E-07,,1
448,0,0.164285714,1,1,140,-2.97E-05,-1.19E-06,0,1,0,0,0,0,-1.38E-05,,1
449,0.282857143,0.094693878,8,1.142857143,72,-3.67E-06,-1.54E-07,-1.93E-08,0,0,0,1,-3.62E-07,-1.64E-04,,1
450,0.3,0.218095238,2,0.666666667,116,-1.60E-01,-0.000740385,0,0.666666667,0,0,0,-3.98E-07,-6.47E-05,,1
451,0,0.162857143,0,0,142,-1.47E-04,-6.72E-06,0,2,0,0,1,0,-3.73E-04,,1
452,0,0,0,0,142,-9.35E-05,-6.75E-06,0,0,0,0,1,0,-6.37E-05,,1
453,0,0.162857143,0,0,140,-1.01E-06,-6.76E-08,0,2,0,0,0,0,-1.15E-04,,1
454,0,0.082857143,1,1,48,-2.54E-04,-1.42E-05,0,0,0,0,0,0,-9.49E-03,,1
455,0,0.247142857,2,2,98,-3.00E-06,-1.26E-07,0,1,0,0,1,0,-1.62E-06,,1
456,0,0.164285714,1,1,127,-1.05E-05,-5.07E-07,0,1,0,0,2,0,-1.90E-05,,1
457,0,0.164285714,1,1,144,-2.73E-05,-8.68E-07,0,1,0,0,0,0,-3.61E-05,,1
458,0,0.081428571,0,0,148,-1.87E-06,-1.26E-07,0,1,0,0,0,0,-2.32E-04,,1
459,0,0.082857143,1,1,43,-8.50E-06,-2.64E-07,0,0,0,0,0,0,-2.19E-05,,1
460,0.025714286,0.082857143,2,1,118.5,-5.75E-05,-3.38E-06,0,0,0,0,2,-5.21E-08,-1.01E-04,,1
461,0.025714286,0.654285714,4,2,117,-6.70E-06,-6.74E-07,-5.62E-09,3,0,0,2,-4.50E-08,-4.75E-05,,1
462,0,0.328571429,2,2,140,-1.52E-06,-1.10E-07,0,2,0,0,0,0,-2.46E-05,,1
463,0.008571429,0.041428571,1,0.5,118.5,-2.74E-05,-1.85E-06,0,0,0,0,2,-1.19E-08,-1.82E-04,,1
464,0.011428571,0.124285714,3,1.5,52,-5.18E-06,-3.02E-07,0,0,0,0,1,-2.23E-08,-2.87E-05,,1
465,0,0.081428571,0,0,140,-3.20E-07,-3.20E-08,0,1,0,0,0,0,-2.05E-06,,1
466,0.042857143,0.082857143,6,1,83.5,-3.88E-06,-2.02E-07,0,0,0,0,1,-8.66E-08,-5.02E-06,,1
467,0,0.41,2,2,125,-2.64E-06,-5.08E-07,0,3,0,0,1,0,-1.20E-06,,1
468,0,0.164285714,1,1,140,-1.68E-05,-1.29E-06,0,1,0,0,0,0,-7.05E-06,,1
469,0,0.165714286,2,2,66,-1.96E-03,-4.40E-05,0,0,0,0,0,0,-1.96E-04,,1
470,0,0.082857143,1,1,94,-2.22E-03,-2.81E-05,0,0,0,0,1,0,-3.25E-05,,1
471,0,0.082857143,1,1,28,-6.20E-05,-3.97E-06,0,0,0,0,0,0,-4.01E-06,,1
472,0.105714286,0.191904762,4,1.333333333,92,-2.41E-05,-1.93E-06,-1.08E-08,0.333333333,0,0,0,-1.89E-07,-1.72E-04,,1
473,0,0.412857143,4,4,140,-2.12E-04,-1.09E-05,0,1,0,0,0,0,-1.22E-06,,1
474,0,0,0,0,38,-4.19E-06,-6.97E-08,0,0,0,0,1,0,-1.05E-04,,1
475,0.257142857,0.327142857,3,1,114.6666667,-2.23E-05,-9.79E-07,-1.20E-08,1,0,0,3,-3.48E-07,-3.47E-04,,1
476,0,0.248571429,3,3,127,-1.34E-06,-9.07E-08,0,0,0,0,1,0,-5.29E-06,,1
477,0.097142857,0.378285714,13,2.6,79.6,-1.47E-05,-7.77E-07,-1.22E-07,0.4,0,0,1,-1.97E-07,-3.86E-04,,1
478,0.002857143,0.041428571,1,0.5,83,-6.84E-06,-1.01E-06,0,0,0,0,2,-3.69E-09,-2.95E-08,,1
479,0.037142857,0.327142857,3,1,101.3333333,-2.47E-06,-1.59E-07,-7.76E-09,1,0,0,3,-4.27E-08,-2.04E-04,,1
480,0.008571429,0.207142857,5,2.5,67.5,-1.02E-05,-1.05E-06,0,0,0,0,0,-1.13E-08,-2.11E-05,,1
481,0,0.081428571,0,0,81,-1.77E-06,-8.85E-08,0,1,0,0,1,0,-2.68E-05,,1
482,0,0.164285714,1,1,140,-2.58E-06,-5.45E-07,0,1,0,0,0,0,-4.21E-05,,1
483,0,0.082857143,1,1,62,-6.36E-06,-3.10E-07,0,0,0,0,0,0,-1.76E-06,,1
484,0,0.082857143,1,1,79,-4.68E-04,-2.76E-05,0,0,0,0,1,0,-1.15E-08,,1
485,0.06,0.327142857,3,1,139.6666667,-1.16E-05,-6.21E-07,-3.79E-09,1,0,0,2,-7.57E-08,-2.37E-05,,1
486,0,0.164285714,1,1,94,-2.86E-06,-1.20E-07,0,1,0,0,1,0,-1.96E-07,,1
487,0,0.33,3,3,104,-7.48E-07,-2.88E-08,0,1,0,0,1,0,-5.93E-06,,1
488,0,0.165714286,2,2,34,-1.50E-06,-1.82E-07,0,0,0,0,0,0,-2.25E-06,,1
489,0.028571429,0.082857143,2,1,61.5,-6.63E-06,-7.78E-07,-5.44E-09,0,0,0,2,-4.89E-08,-9.55E-06,,1
490,0.031428571,0.226428571,7,1.75,104,-7.61E-05,-1.35E-06,-1.12E-08,0.25,0,0,2,-2.98E-08,-4.06E-05,,1
491,0,0.247142857,2,2,49,-1.67E-06,-1.06E-07,0,1,0,0,0,0,-2.92E-06,,1
492,0.002857143,0.654285714,4,2,119.5,-5.38E-06,-5.42E-07,0,3,0,0,2,-4.01E-09,-1.39E-05,,1
493,0,0.082857143,1,1,91,-8.89E-05,-2.29E-06,0,0,0,0,0,0,-8.14E-04,,1
494,0,0.164285714,1,1,140,-3.40E-05,-1.32E-06,0,1,0,0,0,0,-1.46E-05,,1
495,0,0.164285714,1,1,140,-3.74E-05,-2.32E-06,0,1,0,0,1,0,-3.69E-04,,1
496,0,0.081428571,0,0,140,-4.45E-06,-6.62E-08,0,1,0,0,0,0,-1.39E-05,,1
497,0.034285714,0.041428571,1,0.5,36,-4.40E-05,-3.43E-07,-4.70E-09,0,0,0,1,-5.17E-08,-5.80E-06,,1
498,0.028571429,0.191904762,4,1.333333333,85.33333333,-7.17E-06,-6.10E-07,0,0.333333333,0,0,2,-3.35E-08,-7.39E-06,,1
499,0,0,0,0,41,-1.29E-05,-5.16E-07,0,0,0,0,1,0,-1.02E-05,,1
500,0,0.164285714,1,1,139,-8.97E-05,-4.67E-06,0,1,0,0,0,0,-8.90E-05,,1
501,0,0.082857143,1,1,137,-1.56E-05,-6.38E-07,0,0,0,0,0,0,-1.83E-05,,1
502,0,0.411428571,3,3,140,-2.16E-05,-1.99E-06,0,2,0,0,1,0,-6.94E-05,,1
503,0,0.082857143,2,1,50,-2.59E-04,-2.05E-05,0,0,0,0,2,0,-2.27E-04,,1
504,0,0,0,0,62,-2.82E-05,-1.91E-06,0,0,0,0,1,0,-4.07E-05,,1
505,0,0.082857143,1,1,27,-5.66E-04,-3.57E-05,0,0,0,0,0,0,-4.79E-04,,1
506,0.128571429,0.288571429,5,2.5,130,-3.96E-04,-9.27E-06,-1.22E-08,0.5,0,0,2,-2.62E-07,-2.35E-05,,-1
507,0,0.33,3,3,140,-1.08E-04,-1.75E-06,0,1,0,0,0,0,-3.48E-05,,1
508,0,0,0,0,140,-1.01E-05,-9.98E-07,0,0,0,0,1,0,-1.43E-05,,1
509,0,0.164285714,1,1,90,-1.68E-05,-1.47E-06,0,1,0,0,1,0,-8.49E-07,,1
510,0.002857143,0.328571429,4,2,90,-5.53E-04,-2.35E-05,0,1,0,0,2,-4.36E-07,-9.01E-04,,1
511,0,0.164285714,1,1,90,-8.78E-05,-5.48E-07,0,1,0,0,1,0,-1.79E-05,,1
512,0,0.164285714,1,1,139,-1.44E-05,-4.65E-07,0,1,0,0,0,0,-2.83E-05,,1
513,0,0.245714286,1,1,140,-1.84E-07,-1.22E-08,0,2,0,0,0,0,-3.06E-07,,1
514,0,0.245714286,1,1,97,-1.03E-06,-1.14E-07,0,2,0,0,1,0,-9.39E-07,,1
515,0,0.165714286,2,2,132,-2.03E-05,-1.92E-06,0,0,0,0,1,0,-2.26E-05,,1
516,0,0.081428571,0,0,140,-1.83E-05,-1.30E-06,0,1,0,0,0,0,-3.22E-06,,1
517,0.017142857,0.122857143,1,0.5,79.5,-9.50E-06,-5.55E-07,0,0.5,0,0,2,-2.12E-08,-1.26E-05,,1
518,0,0.165714286,2,2,122,-7.47E-03,-0.000205332,0,0,0,0,1,0,-1.66E-04,,1
519,0.194285714,0.185,5,1.25,121,-4.41E-05,-5.93E-06,0,0.25,0,0,3,-4.35E-07,-9.73E-05,,1
520,0,0.165714286,2,2,78,-4.16E-06,-2.43E-07,0,0,0,0,1,0,-7.89E-07,,1
521,0,0,0,0,40,-1.50E-06,-1.06E-07,0,0,0,0,1,0,-1.99E-05,,1
522,0,0,0,0,62,-6.07E-06,-4.77E-08,0,0,0,0,1,0,-2.89E-05,,1
523,0,0.082857143,1,1,27,-3.43E-06,-3.35E-07,0,0,0,0,0,0,-6.41E-08,,1
524,0,0.247142857,2,2,141,-5.77E-04,-2.85E-05,0,1,0,0,0,0,-5.36E-04,,1
525,0,0.247142857,2,2,107,-4.34E-04,-3.93E-06,0,1,0,0,1,0,-8.05E-07,,1
526,0.06,0.307857143,7,1.75,77.5,-9.04E-06,-1.66E-07,-1.77E-08,0.5,0,0,1,-1.06E-07,-2.54E-05,,1
527,0,0.081428571,0,0,139,-1.24E-05,-2.23E-06,0,1,0,0,0,0,-3.42E-05,,1
528,0,0.411428571,3,3,140,-5.77E-04,-2.04E-05,0,2,0,0,0,0,-6.01E-03,,1
529,0,0.081428571,0,0,140,-1.92E-05,-3.70E-06,0,1,0,0,0,0,-2.49E-05,,1
530,0.005714286,0.247142857,4,2,87,-2.93E-06,-1.33E-07,0,0.5,0,0,2,-1.56E-08,-1.04E-06,,1
531,0.008571429,0.082857143,3,1,38.66666667,-6.55E-06,-4.85E-07,0,0,0,0,1,-1.84E-08,-1.99E-05,,1
532,0,0.165714286,2,2,135,-7.35E-06,-6.01E-07,0,0,0,0,0,0,-1.01E-05,,1
533,0.134285714,0.36122449,3,0.428571429,118.2857143,-2.53E-05,-2.81E-06,-1.10E-08,0.571428571,0,0,6,-1.61E-07,-1.42E-04,,1
534,0.005714286,0.285714286,1,0.5,108.5,-2.69E-07,-1.58E-08,0,1.5,0,0,1,-7.91E-09,-1.29E-06,,1
535,0,0.247142857,2,2,100,-2.04E-05,-1.36E-06,0,1,0,0,1,0,-2.68E-05,,1
536,0,0.164285714,1,1,110,-1.78E-06,-5.66E-08,0,1,0,0,1,0,-3.45E-06,,1
537,0,0.165714286,2,2,27,-8.81E-05,-3.60E-06,0,0,0,0,0,0,-3.98E-04,,1
538,0.462857143,1.304285714,30,1,81.73333333,-2.18E-02,-5.35E-05,0,0.5,0,0,28,-5.29E-07,-5.32E-07,,-1
539,0,0.164285714,1,1,140,-4.26E-05,-2.79E-06,0,1,0,0,0,0,-1.35E-05,,1
540,0,0.165714286,2,2,71,-1.22E-06,-4.18E-07,0,0,0,0,1,0,-1.09E-06,,1
541,0,0.245714286,1,1,129,-3.32E-05,-2.31E-06,0,2,0,0,1,0,-1.15E-04,,1
542,0,0.164285714,1,1,140,-2.61E-07,-1.58E-08,0,1,0,0,0,0,-1.85E-06,,1
543,0.002857143,0.165714286,4,2,140,-6.34E-06,-1.82E-07,0,0,0,0,1,-1.07E-08,-2.78E-05,,1
544,0,0,0,0,131,-3.00E-05,-2.05E-06,0,0,0,0,1,0,-1.06E-05,,1
545,0,0.164285714,1,1,66,-6.90E-06,-1.31E-07,0,1,0,0,1,0,-7.55E-07,,1
546,0,0.082857143,1,1,27,-8.84E-06,-1.16E-07,0,0,0,0,0,0,-2.18E-05,,1
547,0,0,0,0,77,-8.00E-06,-1.27E-06,0,0,0,0,1,0,-3.36E-06,,1
548,0.08,0.354761905,4,1.333333333,130.6666667,-7.01E-05,-2.35E-06,0,1,0,0,1,-2.71E-07,-1.41E-03,,1
549,0,0.41,2,2,128,-2.86E-04,-1.04E-05,0,3,0,0,1,0,-2.54E-05,,1
550,0.005714286,0.455714286,11,5.5,136.5,-6.67E-05,-8.22E-06,0,0,0,0,2,-2.02E-08,-1.24E-04,,1
551,0,0.164285714,1,1,98,-4.43E-05,-5.25E-06,0,1,0,0,1,0,-3.43E-04,,1
552,0,0.082857143,1,1,29,-1.05E-05,-3.40E-07,0,0,0,0,0,0,-6.34E-06,,1
553,0,0.245714286,1,1,99,-6.03E-05,-5.38E-06,0,2,0,0,1,0,-4.77E-05,,1
554,0,0.164285714,1,1,24,-2.33E-05,-2.87E-06,0,1,0,0,0,0,-3.74E-07,,1
555,0,0.247142857,2,2,140,-2.48E-03,-3.82E-05,0,1,0,0,1,0,-7.19E-05,,1
556,0.008571429,0.081428571,0,0,90,-1.42E-05,-1.26E-06,0,0.5,0,0,2,-1.50E-08,-2.26E-05,,1
557,0,0.162857143,0,0,140,-4.93E-05,-3.53E-06,0,2,0,0,1,0,-9.84E-05,,1
558,0,0.165714286,2,2,68,-7.44E-04,-4.44E-05,0,0,0,0,0,0,-7.41E-04,,1
559,0.02,0.29952381,2,0.666666667,119.6666667,-2.25E-05,-9.40E-07,0,1,0,0,1,-6.15E-08,0.00E+00,,1
560,0.497142857,0.218095238,2,0.666666667,94.33333333,-3.16E-06,-6.87E-08,-5.28E-09,0.666666667,0,0,2,-9.14E-07,-2.06E-05,,1
561,0,0.082857143,1,1,40,-3.90E-06,-2.55E-07,0,0,0,0,0,0,-3.66E-06,,1
562,0.045714286,0.122857143,1,0.5,67.5,-1.76E-06,-1.08E-07,-1.54E-08,0.5,0,0,1,-4.63E-08,-2.45E-05,,1
563,0,0.081428571,0,0,140,-1.08E-06,-1.46E-08,0,1,0,0,0,0,-1.50E-06,,1
564,0,0.331428571,4,4,140,-2.00E-05,-1.89E-06,0,0,0,0,1,0,-1.25E-04,,1
565,0.008571429,0.191904762,4,1.333333333,92.66666667,-6.43E-06,-5.51E-07,0,0.333333333,0,0,0,-3.18E-08,-1.03E-05,,1
566,0.248571429,0.131142857,3,0.6,127,-8.37E-05,-2.49E-06,-3.68E-09,0.2,0,0,5,-3.17E-07,-7.40E-06,,1
567,0.002857143,0.082857143,2,1,93.5,-3.94E-06,-3.56E-07,0,0,0,0,0,-9.37E-09,-4.99E-05,,1
568,0,0.328571429,2,2,140,-5.19E-06,-2.62E-07,0,2,0,0,0,0,-2.03E-04,,1
569,0.297142857,0.271904762,1,0.333333333,140,-2.78E-06,-2.17E-07,-7.62E-09,1,0,0,0,-3.88E-07,-2.42E-05,,1
570,0.005714286,0.138095238,5,1.666666667,43.66666667,-1.37E-06,-1.01E-07,0,0,0,0,0,-7.46E-09,-4.93E-06,,1
571,0,0,0,0,78,-7.22E-05,-1.65E-05,0,0,0,0,1,0,-1.61E-05,,1
572,0,0,0,0,39,-7.34E-06,-6.28E-07,0,0,0,0,1,0,-8.67E-08,,1
573,0.051428571,0.466666667,11,3.666666667,103.3333333,-3.99E-05,-2.23E-06,0,0.666666667,0,0,2,-1.91E-07,-2.71E-05,,-1
574,0.025714286,0.136666667,2,0.666666667,86.33333333,-1.54E-05,-8.53E-07,0,0.333333333,0,0,2,-3.24E-08,-4.62E-05,,1
575,0.005714286,0.331428571,8,4,91.5,-9.44E-05,-1.10E-05,0,0,0,0,0,-4.67E-07,-5.59E-04,,1
576,0,0.081428571,0,0,140,-7.30E-03,-9.32E-05,0,1,0,0,0,0,-3.47E-01,,1
577,0,0.164285714,1,1,90,-7.68E-06,-5.33E-07,0,1,0,0,1,0,-1.26E-04,,1
578,0.022857143,0.138095238,5,1.666666667,136.3333333,-2.81E-06,-3.21E-07,0,0,0,0,2,-3.38E-08,-3.62E-05,,1
579,0,0.245714286,1,1,117,-1.63E-04,-8.75E-06,0,2,0,0,1,0,-3.75E-05,,1
580,0.017142857,0.082857143,2,1,139.5,-1.22E-05,-6.92E-07,-1.80E-08,0,0,0,2,-1.80E-08,-2.33E-04,,1
581,0,0.082857143,1,1,60,-3.02E-04,-1.92E-05,0,0,0,0,0,0,-4.41E-05,,1
582,0,0.162857143,0,0,46,-4.98E-05,-2.90E-06,0,2,0,0,1,0,-5.61E-05,,1
583,0.017142857,0.247142857,4,2,82,-1.44E-05,-5.98E-07,-3.76E-09,0.5,0,0,0,-1.88E-08,-1.22E-05,,1
584,0,0,0,0,139,-1.19E-06,-9.69E-08,0,0,0,0,1,0,-5.23E-07,,1
585,0.08,0.328571429,4,2,111,-1.02E-05,-3.51E-07,0,1,0,0,2,-4.27E-07,-3.61E-04,,1
586,0,0,0,0,100,-2.26E-05,-1.07E-06,0,0,0,0,1,0,-1.11E-04,,1
587,0.065714286,0.287142857,9,1.5,107,-6.98E-06,-4.72E-07,-6.05E-09,0.333333333,0,0,2,-1.33E-07,-2.39E-05,,1
588,0,0.164285714,1,1,124,-8.58E-06,-2.04E-07,0,1,0,0,1,0,-4.68E-05,,1
589,0,0.248571429,3,3,128,-1.44E-04,-2.17E-06,0,0,0,0,0,0,-1.23E-04,,1
590,0,0.165714286,2,2,27,-7.14E-06,-4.79E-07,0,0,0,0,0,0,-6.50E-07,,1
591,0,0.164285714,1,1,140,-2.25E-05,-9.44E-07,0,1,0,0,1,0,-1.09E-05,,1
592,0,0.164285714,1,1,96,-9.15E-05,-4.68E-06,0,1,0,0,1,0,-9.53E-04,,1
593,0.002857143,0.328571429,6,2,103.3333333,-5.03E-06,-1.38E-07,0,0.666666667,0,0,3,-5.76E-09,-1.75E-05,,1
594,0,0.247142857,2,2,140,-8.16E-07,-1.32E-08,0,1,0,0,0,0,-2.93E-05,,1
595,0,0.245714286,1,1,143,-1.84E-06,-1.36E-07,0,2,0,0,0,0,-6.79E-06,,1
596,0,0.245714286,1,1,142,-1.56E-05,-9.02E-07,0,2,0,0,1,0,-1.02E-07,,1
597,0.04,0.124285714,3,1.5,106.5,-1.32E-05,-5.24E-07,-7.12E-09,0,0,0,1,-4.27E-08,-6.36E-05,,1
598,0,0,0,0,71,-4.10E-04,-1.84E-05,0,0,0,0,1,0,-2.03E-04,,1
599,0.745714286,2.685521236,72,1.945945946,116.6216216,-7.16E-06,-2.96E-07,-1.42E-08,0.837837838,0,0,10,-9.15E-07,-1.48E-04,,-1
600,0,0.082857143,1,1,105,-3.87E-05,-7.35E-07,0,0,0,0,0,0,-7.42E-05,,1
601,0,0.164285714,1,1,112,-4.62E-06,-2.46E-07,0,1,0,0,1,0,-2.59E-05,,1
602,0,0.082857143,1,1,140,-2.27E-05,-2.30E-06,0,0,0,0,1,0,-1.04E-02,,1
603,0,0.082857143,1,1,131,-6.51E-07,-8.33E-08,0,0,0,0,0,0,-3.84E-06,,1
604,0,0.247142857,2,2,140,-6.51E-06,-4.66E-07,0,1,0,0,0,0,-1.40E-05,,1
605,0.002857143,0.245714286,2,1,125,-2.07E-06,-1.02E-07,0,1,0,0,1,-3.66E-09,-1.21E-05,,1
606,0,0,0,0,139,-2.56E-04,-3.64E-06,0,0,0,0,1,0,-3.54E-04,,1
607,0,0.081428571,0,0,140,-6.47E-05,-3.65E-06,0,1,0,0,2,0,-3.11E-05,,1
608,0,0.245714286,1,1,142,-4.69E-05,-2.23E-06,0,2,0,0,0,0,-3.90E-05,,1
609,0,0.247142857,2,2,139,-1.59E-05,-6.60E-07,0,1,0,0,0,0,-1.92E-05,,1
610,0,0.164285714,1,1,64,-1.44E-04,-2.25E-06,0,1,0,0,1,0,-2.37E-05,,1
611,0.357142857,0.29952381,2,0.666666667,103.3333333,-1.15E-05,-3.96E-07,0,1,0,0,1,-5.63E-07,-2.87E-05,,1
612,0,0.248571429,3,3,94,-3.64E-06,-4.29E-07,0,0,0,0,1,0,-2.96E-05,,1
613,0.628571429,0.45,6,1.5,130.25,-2.98E-06,-6.98E-07,0,1,0,0,1,-9.30E-07,-9.19E-04,,-1
614,0,0.247142857,2,2,74,-1.73E-05,-6.76E-07,0,1,0,0,1,0,-1.58E-04,,1
615,0,0.247142857,2,2,140,-2.09E-06,-1.56E-07,0,1,0,0,0,0,-5.46E-06,,1
616,0.034285714,0.124285714,3,1.5,70,-1.82E-06,-3.59E-07,0,0,0,0,0,-6.95E-08,-1.59E-05,,1
617,0,0.082857143,1,1,140,-2.28E-05,-1.57E-06,0,0,0,0,1,0,-1.26E-06,,1
618,0.005714286,0.041428571,1,0.5,139,-5.48E-03,-0.000235041,0,0,0,0,2,-3.74E-07,-2.72E-03,,1
619,0,0.412857143,4,4,81,-5.55E-07,0,0,1,0,0,1,0,-8.02E-06,,1
620,0,0.247142857,2,2,140,-1.22E-04,-7.63E-06,0,1,0,0,0,0,-4.76E-04,,1
621,0.031428571,0.456857143,3,0.6,124.8,-3.39E-05,-2.75E-06,0,1,0,0,2,-1.03E-07,-1.52E-04,,1
622,0,0.247142857,2,2,103,-1.15E-04,-1.10E-05,0,1,0,0,1,0,-4.24E-03,,1
623,0.088571429,0.094693878,8,1.142857143,49.85714286,-1.47E-06,-1.87E-08,-7.50E-09,0,0,0,3,-1.09E-07,-1.40E-05,,1
624,0,0.245714286,1,1,150,-1.98E-06,-1.57E-08,0,2,0,0,0,0,-9.11E-06,,1
625,0,0.247142857,2,2,140,-9.79E-06,-2.85E-07,0,1,0,0,0,0,-3.04E-07,,1
626,0,0.082857143,1,1,74,-1.29E-04,-1.57E-05,0,0,0,0,1,0,-2.22E-05,,1
627,0,0.162857143,0,0,140,-2.75E-06,-1.67E-07,0,2,0,0,0,0,-1.34E-05,,1
628,0,0.165714286,2,2,96,-7.67E-03,-6.07E-05,0,0,0,0,2,0,-1.42E-04,,1
629,0,0.165714286,2,2,80,-3.14E-08,0,0,0,0,0,0,0,-3.92E-09,,1
630,0,0,0,0,142,-1.14E-05,-5.24E-07,0,0,0,0,1,0,-2.04E-05,,1
631,0.002857143,0.287142857,3,1.5,86,-3.94E-06,-4.84E-07,0,1,0,0,2,-5.15E-09,-1.38E-06,,1
632,0,0.164285714,1,1,110,-2.18E-05,-8.89E-07,0,1,0,0,1,0,-3.52E-05,,1
633,0,0.33,3,3,105,-2.34E-06,-2.23E-08,0,1,0,0,1,0,-2.81E-05,,1
634,0.02,0.287142857,3,1.5,121,-1.60E-06,-1.69E-07,0,1,0,0,1,-2.62E-08,-8.01E-05,,1
635,0.448571429,0.351512605,22,1.294117647,81.64705882,-2.31E-06,-1.98E-07,-6.47E-08,0.176470588,0,0,7,-5.33E-07,-1.81E-04,,1
636,0.034285714,0.11047619,4,1.333333333,86,-3.01E-06,-6.91E-08,0,0,0,0,0,-6.38E-08,-4.74E-04,,1
637,0,0.082857143,1,1,140,-9.19E-03,-0.000618172,0,0,0,0,1,0,-2.49E-04,,1
638,0,0.41,2,2,115,-1.55E-05,-2.28E-06,0,3,0,0,1,0,-2.13E-04,,1
639,0,0.247142857,2,2,140,-3.90E-06,-4.99E-08,0,1,0,0,0,0,-2.10E-04,,1
640,0,0.165714286,2,2,41,-2.83E-05,-1.24E-06,0,0,0,0,0,0,-3.18E-04,,1
641,0.1,0.066285714,4,0.8,114.4,-2.00E-04,-1.05E-05,-9.08E-09,0,0,0,2,-3.09E-07,-1.19E-05,,1
642,0.025714286,0.205714286,3,1.5,81,-1.75E-04,-1.56E-05,0,0.5,0,0,0,-1.42E-07,-5.44E-05,,1
643,0,0.082857143,1,1,34,-9.09E-05,-3.29E-06,0,0,0,0,1,0,-3.32E-05,,1
644,0,0.165714286,2,2,141,-7.71E-06,-7.65E-07,0,0,0,0,1,0,-9.13E-05,,1
645,0,0.495714286,5,5,134,-1.40E-06,-8.13E-08,0,1,0,0,0,0,-1.17E-06,,1
646,0,0,0,0,139,-4.33E-06,-3.69E-07,0,0,0,0,2,0,-3.91E-07,,1
647,0,0.082857143,1,1,134,-4.88E-03,-4.01E-05,0,0,0,0,1,0,-1.40E-04,,1
648,0,0.412857143,4,4,140,-2.73E-06,-2.68E-07,0,1,0,0,0,0,-4.26E-06,,1
649,0.285714286,0.535714286,9,4.5,141.5,-6.87E-06,-7.00E-07,-3.85E-09,1,0,0,1,-3.81E-07,-2.64E-04,,-1
650,0.317142857,0.162857143,0,0,140,-3.34E-06,-1.83E-07,-3.80E-09,1,0,0,0,-4.18E-07,-2.69E-05,,1
651,0,0.082857143,1,1,140,-3.13E-06,-3.08E-07,0,0,0,0,1,0,-1.64E-06,,1
652,0,0.164285714,1,1,76,-6.87E-06,-1.99E-07,0,1,0,0,1,0,-9.37E-05,,1
653,0,0.328571429,2,2,122,-8.04E-06,-1.98E-07,0,2,0,0,1,0,-1.09E-05,,1
654,0.062857143,0.518351648,43,3.307692308,132.6153846,-1.84E-05,-3.11E-06,-1.87E-08,0.230769231,0,0,21,-6.37E-08,-5.47E-06,,-1
655,0,0.164285714,1,1,103,-2.50E-05,-1.90E-06,0,1,0,0,1,0,-9.42E-06,,1
656,0.1,0.327142857,14,1,128.3571429,-2.07E-06,-1.32E-07,-2.06E-08,0.214285714,0,0,11,-1.24E-07,-2.52E-05,,1
657,0,0.245714286,1,1,140,-2.60E-04,-4.82E-06,0,2,0,0,1,0,-5.96E-06,,1
658,0,0.164285714,1,1,140,-7.19E-04,-3.28E-06,0,1,0,0,0,0,-5.32E-05,,1
659,0,0.247142857,2,2,108,-4.04E-05,-3.61E-06,0,1,0,0,0,0,-1.77E-05,,1
660,0,0.082857143,1,1,100,-1.87E-03,-2.43E-06,0,0,0,0,1,0,-2.64E-05,,1
661,0,0,0,0,58,-5.16E-07,-2.72E-08,0,0,0,0,1,0,-3.23E-06,,1
662,0.065714286,0.082857143,3,1,81,-1.06E-05,-3.78E-07,0,0,0,0,1,-8.53E-08,-8.53E-08,,1
663,0,0.082857143,1,1,63,-4.51E-06,-1.39E-07,0,0,0,0,0,0,-3.81E-06,,1
664,0,0.41,2,2,121,-1.79E-05,-1.14E-06,0,3,0,0,1,0,-9.62E-05,,1
665,0,0.165714286,2,2,140,-4.51E-06,-2.62E-07,0,0,0,0,1,0,-9.38E-06,,1
666,0.085714286,0,0,0,140,-5.44E-02,-0.000468535,0,0,0,0,2,-1.55E-07,-9.33E-06,,1
667,0,0.247142857,2,2,132,-2.38E-05,-1.82E-06,0,1,0,0,1,0,-1.66E-04,,1
668,0,0.082857143,1,1,127,-1.21E-06,-1.76E-07,0,0,0,0,1,0,-1.50E-07,,1
669,0,0.164285714,1,1,90,-4.62E-06,-2.89E-07,0,1,0,0,1,0,-2.06E-06,,1
670,0,0.082857143,1,1,73,-1.05E-04,-7.11E-06,0,0,0,0,1,0,-2.08E-04,,1
671,0.408571429,0.082857143,3,1,111,-1.22E-01,-0.000431086,0,0,0,0,3,-9.72E-07,0.00E+00,,1
672,0,0.495714286,5,5,143,-4.64E-06,-2.82E-07,0,1,0,0,0,0,-3.20E-04,,1
673,0,0.081428571,0,0,140,-5.30E-05,-6.29E-06,0,1,0,0,0,0,-8.64E-05,,1
674,0,0.412857143,4,4,140,-7.40E-06,-4.90E-07,0,1,0,0,0,0,-9.09E-05,,1
675,0,0.081428571,0,0,140,-1.79E-05,-1.36E-06,0,1,0,0,1,0,-3.32E-05,,1
676,0,0.248571429,3,3,133,-1.92E-05,-1.02E-06,0,0,0,0,2,0,-9.62E-08,,1
677,0,0.164285714,1,1,140,-4.46E-06,0,0,1,0,0,0,0,-6.64E-06,,1
678,0,0.081428571,0,0,120,-5.21E-06,-3.70E-07,0,1,0,0,1,0,-6.05E-04,,1
679,0,0.164285714,1,1,112,-2.84E-06,-1.92E-07,0,1,0,0,1,0,-4.25E-06,,1
680,0,0,0,0,112.5,-1.55E-05,-1.13E-06,0,0,0,0,2,0,-2.37E-05,,1
681,0.328571429,0.557619048,5,0.833333333,128.6666667,-5.20E-06,-2.66E-07,-2.28E-08,1,0,0,3,-4.14E-07,-5.20E-05,,1
682,0,0.082857143,1,1,103,-9.46E-05,-4.63E-06,0,0,0,0,1,0,-2.06E-03,,1
683,0,0.164285714,1,1,140,-1.35E-06,-1.83E-07,0,1,0,0,0,0,-1.82E-06,,1
684,0,0,0,0,140,-1.70E-04,-2.23E-06,0,0,0,0,1,0,-8.83E-06,,1
685,0,0.082857143,1,1,52,-1.88E-04,-8.92E-06,0,0,0,0,1,0,-2.85E-04,,1
686,0,0.081428571,0,0,49,-2.55E-06,-4.64E-08,0,1,0,0,1,0,-8.61E-06,,1
687,0.002857143,0.204285714,1,0.5,55,-9.08E-04,-1.24E-05,0,1,0,0,2,-3.42E-08,-9.07E-05,,1
688,0.008571429,0.245714286,2,1,141.5,-9.83E-06,-1.21E-06,0,1,0,0,1,-3.14E-08,-2.29E-04,,1
689,0.128571429,0.252666667,31,2.066666667,69.4,-6.86E-06,-4.82E-07,-5.23E-09,0.066666667,0,0,2,-2.30E-07,-2.05E-05,,1
690,0,0.164285714,1,1,84,-3.11E-06,-9.85E-08,0,1,0,0,1,0,-2.49E-06,,1
691,0,0,0,0,39,-5.05E-06,-2.75E-07,0,0,0,0,1,0,-1.04E-04,,1
692,0,0.165714286,2,2,67,-7.11E-06,-3.56E-07,0,0,0,0,0,0,-2.92E-05,,1
693,0.054285714,0.287142857,3,1.5,96,-2.25E-05,-9.85E-07,0,1,0,0,2,-1.15E-07,-4.62E-05,,1
694,0.008571429,0.205714286,3,1.5,94.5,-1.01E-03,-2.52E-05,-6.70E-09,0.5,0,0,2,-1.34E-08,-9.57E-06,,1
695,0,0.33,3,3,87,-9.67E-06,-2.61E-07,0,1,0,0,1,0,-1.25E-05,,1
696,0,0,0,0,140,-7.17E-06,-2.78E-07,0,0,0,0,1,0,-8.93E-05,,1
697,0,0.081428571,0,0,68,-1.80E-04,-2.32E-05,0,1,0,0,1,0,-1.92E-03,,1
698,0,0,0,0,26,-1.24E-06,-7.21E-08,0,0,0,0,1,0,-3.78E-06,,1
699,0.002857143,0.164285714,2,1,105,-4.08E-04,-2.13E-05,0,0.5,0,0,1,-5.96E-09,-1.24E-04,,1
700,0.088571429,0.12877551,4,0.571428571,38.57142857,-1.79E-05,-8.05E-07,0,0.142857143,0,0,5,-1.16E-07,-1.90E-04,,1
701,0.014285714,0.553571429,11,2.75,137.75,-6.65E-06,-4.56E-07,0,1,0,0,1,-2.00E-08,-3.73E-06,,1
702,0,0.248571429,3,3,102,-2.72E-03,-2.25E-05,0,0,0,0,1,0,-2.51E-04,,1
703,0,0.247142857,2,2,59,-8.16E-07,-2.74E-08,0,1,0,0,1,0,-9.53E-06,,1
704,0,0.164285714,1,1,104,-6.78E-07,-3.37E-08,0,1,0,0,1,0,-2.39E-05,,1
705,0,0.41,2,2,146,-3.11E-06,-1.35E-07,0,3,0,0,0,0,-8.88E-06,,1
706,0,0.082857143,1,1,137,-2.43E-03,-1.61E-05,0,0,0,0,1,0,-9.59E-06,,1
707,0,0.248571429,3,3,126,-6.47E-04,-4.26E-06,0,0,0,0,1,0,-2.12E-05,,1
708,0,0.082857143,1,1,123,-5.65E-05,-2.16E-06,0,0,0,0,0,0,-2.75E-04,,1
709,0,0,0,0,143,-8.12E-06,-2.35E-07,0,0,0,0,1,0,-9.04E-05,,1
710,0,0.081428571,0,0,139,-4.76E-06,-3.37E-07,0,1,0,0,0,0,-6.15E-07,,1
711,0,0.164285714,1,1,139,-8.85E-05,-3.56E-06,0,1,0,0,0,0,-1.37E-03,,1
712,0,0.165714286,2,2,70,-2.00E-06,-4.75E-08,0,0,0,0,0,0,-3.90E-06,,1
713,0,0.247142857,2,2,140,-5.32E-06,-3.64E-07,0,1,0,0,0,0,-1.82E-05,,1
714,0,0.082857143,1,1,25,-2.04E-05,-1.05E-06,0,0,0,0,0,0,-1.69E-04,,1
715,0,0.247142857,2,2,139,-4.83E-06,-2.76E-07,0,1,0,0,1,0,-3.71E-06,,1
716,0,0.164285714,1,1,140,-9.03E-06,-6.09E-07,0,1,0,0,0,0,-1.28E-04,,1
717,0.051428571,0.101269841,11,1.222222222,76.77777778,-1.35E-06,-6.71E-08,-5.59E-09,0,0,0,2,-9.51E-08,-2.93E-05,,1
718,0.031428571,0.336349206,10,1.111111111,103.6666667,-2.35E-06,-1.21E-07,0,0.333333333,0,0,4,-1.11E-07,-9.88E-06,,1
719,0.002857143,0.491428571,4,2,115.5,-2.51E-06,-4.24E-07,0,2,0,0,2,-7.07E-09,-1.27E-07,,1
720,0,0.33,3,3,140,-3.85E-06,-1.05E-07,0,1,0,0,0,0,-6.13E-06,,1
721,0,0.164285714,1,1,140,-1.01E-04,-1.07E-05,0,1,0,0,0,0,-1.21E-04,,1
722,0,0.082857143,1,1,17,-5.51E-06,-2.96E-07,0,0,0,0,0,0,-1.90E-05,,1
723,0,0,0,0,83,-2.95E-05,-1.48E-06,0,0,0,0,1,0,-7.56E-06,,1
724,0.025714286,0.225,3,0.75,105.5,-9.65E-07,-5.11E-08,-3.41E-09,0.5,0,0,2,-2.73E-08,-1.98E-07,,1
725,0,0.165714286,2,2,139,-5.32E-05,-1.77E-06,0,0,0,0,1,0,-1.91E-05,,1
726,0,0.165714286,2,2,65,-4.34E-06,-1.73E-07,0,0,0,0,1,0,-1.85E-06,,1
727,0.16,0.626666667,5,1.666666667,141,-1.52E-03,-1.83E-05,-9.09E-09,2,0,0,2,-2.45E-07,-6.59E-04,,1
728,0,0.082857143,1,1,140,-1.31E-07,-8.92E-08,0,0,0,0,1,0,-2.62E-08,,1
729,0,0.081428571,0,0,74,-3.01E-06,-1.99E-07,0,1,0,0,1,0,-2.67E-06,,1
730,0.08,1.124857143,4,0.8,130,-1.34E-05,-1.05E-06,-2.73E-08,2.6,0,0,5,-2.28E-07,-9.94E-05,,-1
731,0,0.412857143,4,4,140,-6.33E-06,-2.08E-07,0,1,0,0,1,0,-5.99E-05,,1
732,0,0.162857143,0,0,140,-3.06E-05,-1.91E-06,0,2,0,0,0,0,-3.68E-05,,1
733,0,0.081428571,0,0,140,-1.38E-05,-4.36E-07,0,1,0,0,1,0,-3.05E-06,,1
734,2.94,3.742947559,75,0.949367089,119.6835443,-6.80E-02,-0.000393905,0,0.569620253,0,0,108,-3.53E-06,-2.76E-06,,-1
735,0.502857143,0.245714286,5,1,113.2,-1.80E-05,-8.06E-07,-3.78E-09,0.4,0,0,3,-6.62E-07,-1.10E-05,,1
736,0.022857143,0.082857143,2,1,76.5,-3.82E-06,-2.28E-07,0,0,0,0,0,-9.61E-08,-1.81E-04,,1
737,0.005714286,0.248571429,6,3,79,-5.54E-07,-5.42E-08,-3.87E-09,0,0,0,1,-3.87E-09,-1.07E-06,,1
738,0,0.081428571,0,0,97,-1.75E-06,-1.58E-07,0,1,0,0,1,0,-3.90E-04,,1
739,1.391428571,0.710612245,10,0.714285714,82.57142857,-1.21E-04,-2.86E-06,-2.30E-08,0.571428571,0,0,10,-1.58E-06,-4.87E-04,,1
740,0,0.33,3,3,80,-4.07E-06,-2.51E-07,0,1,0,0,1,0,-6.56E-06,,1
741,0.045714286,0.165714286,6,2,110.6666667,-4.62E-06,-2.11E-07,0,0,0,0,3,-6.01E-08,-1.39E-06,,1
742,0.525714286,0.164285714,2,1,118,-1.32E-05,-1.24E-06,-7.50E-09,0.5,0,0,1,-6.82E-07,-9.83E-06,,1
743,0,0.331428571,4,4,92,-2.10E-04,-2.61E-06,0,0,0,0,1,0,-1.20E-05,,1
744,0.077142857,0.273333333,4,1.333333333,100,-2.83E-06,-1.14E-07,-3.56E-09,0.666666667,0,0,2,-9.27E-08,-1.01E-04,,1
745,0,0.082857143,1,1,140,-1.37E-05,-8.11E-07,0,0,0,0,1,0,-2.20E-05,,1
746,0,0.164285714,1,1,140,-4.25E-05,-1.67E-06,0,1,0,0,0,0,-1.31E-04,,1
747,0.031428571,0.247142857,4,2,94.5,-4.74E-06,-4.92E-07,0,0.5,0,0,2,-4.19E-08,-9.08E-06,,1
748,0,0.66,6,6,140,-2.39E-06,-8.73E-08,0,2,0,0,0,0,-2.02E-05,,1
749,0.04,0.207142857,5,2.5,67.5,-4.10E-06,-3.74E-07,0,0,0,0,2,-7.38E-08,-3.00E-05,,1
750,0,0.164285714,1,1,141,-3.47E-06,-1.58E-07,0,1,0,0,1,0,-2.00E-05,,1
751,0,0.164285714,1,1,142,-1.24E-05,-3.71E-07,0,1,0,0,0,0,-1.03E-04,,1
752,0,0.164285714,1,1,70,-1.53E-05,-2.91E-07,0,1,0,0,1,0,-2.18E-07,,1
753,0.034285714,0.180857143,6,1.2,58,-2.00E-06,-1.54E-07,-1.06E-08,0.2,0,0,1,-5.30E-08,-1.18E-05,,1
754,0.171428571,1.142857143,12,2,95.33333333,-3.41E-05,-1.66E-07,-9.96E-09,2,0,0,4,-1.89E-07,-1.60E-05,,-1
755,0,0.247142857,2,2,140,-3.00E-05,-1.78E-06,0,1,0,0,0,0,-5.60E-05,,1
756,0,0.247142857,2,2,93,-1.17E-06,-1.18E-07,0,1,0,0,1,0,-1.22E-04,,1
757,0,0.248571429,3,3,108,-5.80E-05,-1.80E-06,0,0,0,0,1,0,-2.12E-05,,1
758,0,0.164285714,1,1,142,-3.14E-04,-3.57E-06,0,1,0,0,1,0,-1.23E-03,,1
759,0.028571429,0.162857143,0,0,140,-1.89E-05,-1.22E-06,0,1,0,0,1,-8.33E-08,-5.68E-04,,1
760,0.165714286,0.218095238,4,0.666666667,138.5,-9.96E-04,-3.06E-05,0,0.333333333,0,0,6,-6.14E-07,-1.80E-05,,1
761,0,0.33,3,3,140,-2.35E-04,-1.45E-05,0,1,0,0,1,0,-5.01E-04,,1
762,0,0.165714286,2,2,97,-2.24E-05,-4.65E-06,0,0,0,0,1,0,-1.23E-04,,1
763,0,0.081428571,0,0,35,-7.67E-07,0,0,1,0,0,1,0,-1.22E-05,,1
764,0,0.164285714,1,1,140,-3.40E-06,-1.37E-07,0,1,0,0,1,0,-9.54E-05,,1
765,0,0.081428571,0,0,140,-8.88E-06,-2.24E-06,0,1,0,0,0,0,-4.93E-04,,1
766,0.002857143,0.082857143,2,1,83,-1.94E-06,-1.08E-07,0,0,0,0,1,-1.20E-08,-5.09E-06,,1
767,0,0.164285714,1,1,140,-2.41E-05,-4.61E-07,0,1,0,0,0,0,-2.14E-04,,1
768,0,0.164285714,1,1,90,-2.02E-05,-7.40E-07,0,1,0,0,1,0,-8.50E-06,,1
769,0.005714286,0.578571429,12,6,89,-1.66E-04,-1.49E-05,0,0.5,0,0,0,-2.13E-08,-2.37E-05,,1
770,0.188571429,0.470714286,7,1.75,80.5,-7.46E-06,-1.17E-06,-2.02E-08,1,0,0,3,-6.46E-07,-7.08E-06,,1
771,0.051428571,0.211632653,11,1.571428571,105.4285714,-7.92E-06,-6.05E-07,0,0.142857143,0,0,5,-6.93E-08,-1.04E-05,,1
772,0,0.164285714,1,1,140,-2.92E-05,-1.55E-06,0,1,0,0,1,0,-3.90E-05,,1
773,0.005714286,0.655714286,6,3,137.5,-2.78E-06,-2.57E-07,-5.97E-09,2.5,0,0,1,-5.97E-09,-1.13E-05,,1
774,0.008571429,0.041428571,1,0.5,124.5,-1.28E-06,-5.22E-08,0,0,0,0,2,-1.12E-08,-3.59E-05,,1
775,0,0.164285714,1,1,140,-4.53E-02,-8.53E-05,0,1,0,0,0,0,-1.99E-05,,1
776,0,0.247142857,2,2,126,-5.96E-06,-3.14E-07,0,1,0,0,1,0,-3.56E-05,,1
777,0,0.164285714,1,1,36,-4.93E-06,-1.90E-07,0,1,0,0,0,0,-8.42E-06,,1
778,0,0.082857143,1,1,52,-1.07E-05,-7.12E-07,0,0,0,0,0,0,-3.44E-05,,1
779,0,0,0,0,139,-1.87E-06,-3.68E-08,0,0,0,0,1,0,-7.82E-07,,1
780,0,0.165714286,2,2,125,-1.39E-04,-2.49E-06,0,0,0,0,1,0,-5.23E-05,,1
781,0,0.164285714,1,1,109,-2.04E-06,-1.67E-07,0,1,0,0,0,0,-1.13E-05,,1
782,0,0.082857143,1,1,117,-1.39E-06,-2.09E-08,0,0,0,0,1,0,-2.47E-06,,1
783,0,0.245714286,1,1,141,-1.64E-06,-1.26E-07,0,2,0,0,0,0,-2.76E-05,,1
784,0.037142857,0.207142857,15,2.5,77.5,-2.72E-06,-1.07E-07,-5.97E-09,0,0,0,1,-7.16E-08,-5.86E-06,,1
785,0,0.247142857,2,2,69,-1.21E-05,-1.20E-06,0,1,0,0,0,0,-8.65E-04,,1
786,0,0,0,0,41,-2.48E-04,-1.26E-05,0,0,0,0,1,0,-1.10E-04,,1
787,0,0.495714286,5,5,140,-7.67E-07,-1.69E-08,0,1,0,0,1,0,-4.12E-06,,1
788,0,0.082857143,1,1,42,-4.58E-06,-4.63E-07,0,0,0,0,0,0,-7.96E-06,,1
789,0,0.081428571,0,0,82,-4.06E-07,-4.51E-08,0,1,0,0,1,0,-2.86E-05,,1
790,0,0.247142857,2,2,140,-7.14E-06,-4.55E-07,0,1,0,0,0,0,-7.72E-06,,1
791,0,0.082857143,1,1,30,-2.53E-06,-8.45E-08,0,0,0,0,0,0,-5.00E-06,,1
792,0,0.082857143,1,1,97,-3.12E-06,-1.56E-07,0,0,0,0,0,0,-8.32E-06,,1
793,0,0.164285714,1,1,140,-7.21E-06,-2.77E-07,0,1,0,0,1,0,-7.85E-06,,1
794,0,0.245714286,1,1,125,-7.28E-06,-8.02E-07,0,2,0,0,1,0,-7.28E-05,,1
795,0.005714286,0.37,5,2.5,121,-8.16E-06,-2.01E-07,0,1,0,0,2,-7.71E-09,-2.35E-05,,1
796,0,0.164285714,1,1,139,-1.21E-06,0,0,1,0,0,0,0,-9.87E-06,,1
797,0,0,0,0,98,-2.22E-06,-9.41E-08,0,0,0,0,1,0,-6.04E-06,,1
798,0.005714286,0.572857143,4,2,134.5,-1.26E-05,-1.47E-06,0,2.5,0,0,2,-9.90E-09,-3.37E-06,,1
799,0,0.33,3,3,72,-3.32E-05,-1.53E-06,0,1,0,0,1,0,-2.38E-04,,1
800,0.088571429,0.37,45,2.5,73.88888889,-8.22E-06,-3.55E-07,0,0.111111111,0,0,4,-1.64E-07,-3.88E-06,,1
801,0,0.164285714,1,1,122,-5.92E-06,-6.15E-07,0,1,0,0,1,0,-1.53E-04,,1
802,0,0.081428571,0,0,140,-2.13E-06,-2.80E-08,0,1,0,0,0,0,-5.37E-06,,1
803,0,0.164285714,1,1,140,-9.16E-06,-6.85E-07,0,1,0,0,0,0,-2.30E-05,,1
804,0,0.082857143,1,1,138,-2.50E-04,-7.35E-06,0,0,0,0,2,0,-1.80E-05,,1
805,0,0.081428571,0,0,140,-2.07E-06,-3.55E-07,0,1,0,0,0,0,-8.03E-07,,1
806,0,0.247142857,2,2,105,-9.28E-06,-9.29E-07,0,1,0,0,1,0,-4.21E-05,,1
807,0,0.164285714,1,1,65,-5.34E-06,-6.67E-08,0,1,0,0,0,0,-2.75E-05,,1
808,0.097142857,0.380952381,2,0.666666667,139.6666667,-2.79E-06,-9.29E-08,-3.87E-09,1.333333333,0,0,3,-1.28E-07,-7.47E-05,,1
809,0.057142857,0.164285714,2,1,118,-1.06E-05,-2.97E-07,-3.43E-08,0.5,0,0,2,-1.94E-07,-7.61E-06,,1
810,0,0.165714286,2,2,64,-1.17E-03,-8.92E-05,0,0,0,0,0,0,-6.39E-04,,1
811,0.011428571,0.41,4,2,111.5,-7.36E-06,-9.22E-07,0,1.5,0,0,2,-1.31E-08,-1.56E-06,,1
812,0,0.245714286,1,1,140,-2.43E-06,-1.85E-07,0,2,0,0,1,0,-6.09E-05,,1
813,0.014285714,0.328571429,4,2,105.5,-2.22E-05,-1.07E-06,0,1,0,0,1,-1.81E-08,-1.76E-05,,1
814,0.271428571,1.031142857,36,3.6,129.3,-1.05E-02,-3.53E-05,-3.48E-09,0.9,0,0,4,-3.27E-07,-3.14E-06,,-1
815,0,0.33,3,3,140,-1.85E-04,-6.58E-06,0,1,0,0,0,0,-1.03E-04,,1
816,0,0.41,2,2,120,-7.35E-06,-4.17E-07,0,3,0,0,1,0,-1.27E-05,,1
817,0,0.082857143,1,1,21,-1.77E-06,-2.25E-08,0,0,0,0,0,0,-5.85E-06,,1
818,0.385714286,1.150659341,40,3.076923077,122.1538462,-3.73E-05,-1.23E-06,-7.51E-09,0.846153846,0,0,8,-4.99E-07,-5.16E-05,,-1
819,0,0.165714286,2,2,144,-2.64E-05,-9.13E-07,0,0,0,0,1,0,-1.02E-04,,1
820,0,0.248571429,3,3,45,-4.01E-06,-1.80E-07,0,0,0,0,0,0,-5.52E-05,,1
821,0.002857143,0.124285714,3,1.5,92,-7.92E-07,-5.97E-08,0,0,0,0,0,-3.73E-09,-2.93E-06,,1
822,0.031428571,0.288571429,5,2.5,95.5,-1.90E-04,-7.82E-06,0,0.5,0,0,1,-1.57E-07,-1.71E-04,,1
823,0.08,0.207142857,5,2.5,61.5,-6.10E-05,-1.13E-06,0,0,0,0,0,-1.66E-07,-4.23E-06,,1
824,0,0.082857143,1,1,125,-8.67E-06,-4.76E-07,0,0,0,0,1,0,-8.93E-06,,1
825,0.002857143,0.041428571,1,0.5,111,-2.43E-05,-1.00E-06,0,0,0,0,1,-1.97E-08,-2.66E-05,,1
826,0,0.164285714,1,1,100,-9.59E-07,-8.57E-08,0,1,0,0,1,0,-9.14E-05,,1
827,0,0.081428571,0,0,140,-2.00E-05,-1.04E-06,0,1,0,0,0,0,-1.83E-05,,1
828,0,0.165714286,2,2,135,-6.20E-06,-2.69E-07,0,0,0,0,0,0,-1.52E-06,,1
829,0,0.164285714,1,1,88,-5.11E-04,-2.77E-05,0,1,0,0,0,0,-7.39E-04,,1
830,0.102857143,0.101978022,16,1.230769231,47.53846154,-6.22E-06,-2.72E-07,-3.72E-09,0,0,0,1,-1.30E-07,-6.96E-06,,1
831,0.051428571,0.164285714,2,1,107.5,-3.87E-06,-2.42E-07,-3.67E-09,0.5,0,0,2,-6.24E-08,-3.16E-06,,1
832,0,0,0,0,140,-4.48E-05,-1.79E-06,0,0,0,0,1,0,-1.91E-05,,1
833,0,0.411428571,3,3,140,-1.16E-04,-6.96E-06,0,2,0,0,1,0,-3.69E-04,,1
834,0,0.41,2,2,125,-2.18E-05,-8.56E-07,0,3,0,0,1,0,-3.64E-05,,1
835,0.02,0.328571429,6,2,116.6666667,-7.02E-06,-4.06E-07,0,0.666666667,0,0,1,-6.93E-08,-1.87E-05,,1
836,0,0.247142857,2,2,74,-6.28E-05,-2.02E-06,0,1,0,0,1,0,-2.14E-04,,1
837,0,0.165714286,2,2,70,-1.89E-05,-5.27E-07,0,0,0,0,0,0,-8.02E-06,,1
838,0.714285714,0.715164835,10,0.769230769,133.0769231,-2.80E-02,-0.000130306,0,0.615384615,0,0,15,-8.94E-07,-4.90E-07,,-1
839,0,0.164285714,1,1,92,-3.84E-05,-1.28E-06,0,1,0,0,1,0,-2.02E-03,,1
840,0,0.247142857,2,2,114,-5.27E-06,-1.08E-07,0,1,0,0,1,0,-1.69E-04,,1
841,0,0.082857143,1,1,126,-1.39E-06,-7.72E-08,0,0,0,0,0,0,-5.83E-05,,1
842,0,0.247142857,2,2,126,-5.08E-06,-5.77E-07,0,1,0,0,1,0,-2.56E-04,,1
843,0,0,0,0,69,-2.64E-03,-3.10E-05,0,0,0,0,1,0,-2.89E-05,,1
844,0.02,0.676530612,9,1.285714286,119.2857143,-2.96E-04,-4.86E-06,0,1,0,0,6,-2.59E-08,-2.33E-07,,1
845,0,0.081428571,0,0,125,-3.94E-04,-7.85E-06,0,1,0,0,1,0,-3.41E-04,,1
846,0,0.081428571,0,0,77,-1.13E-05,-7.51E-07,0,1,0,0,1,0,-1.44E-04,,1
847,0,0.165714286,2,2,90,-1.92E-06,-9.30E-08,0,0,0,0,0,0,-1.04E-05,,1
848,0.225714286,0.204285714,2,0.5,76.75,-1.09E-05,-1.44E-07,0,0.5,0,0,4,-2.99E-07,-2.34E-05,,1
849,0.034285714,0.165714286,4,2,134,-7.86E-06,-2.96E-07,0,0,0,0,2,-4.39E-08,-1.92E-05,,1
850,0,0.081428571,0,0,140,-6.51E-07,-9.17E-08,0,1,0,0,0,0,-2.38E-07,,1
851,0,0.082857143,1,1,143,-2.44E-04,-1.25E-05,0,0,0,0,1,0,-1.56E-05,,1
852,0,0.082857143,1,1,40,-1.75E-04,-1.04E-05,0,0,0,0,1,0,-1.00E-04,,1
853,0,0.41,2,2,109,-1.83E-06,-2.04E-07,0,3,0,0,1,0,-2.52E-06,,1
854,0.111428571,0.572857143,8,2,114,-4.13E-05,-6.87E-07,-1.16E-08,1.25,0,0,1,-2.15E-07,-5.75E-04,,-1
855,0.365714286,1.603613445,45,2.647058824,129.1176471,-3.08E-04,-4.30E-06,0,1,0,0,14,-4.71E-07,-5.65E-06,,-1
856,0.117142857,0.082857143,8,1,90.375,-2.20E-04,-1.67E-06,-3.79E-09,0,0,0,1,-1.52E-07,-2.18E-05,,1
857,0,0.164285714,1,1,144,-1.42E-05,-5.71E-07,0,1,0,0,0,0,-8.69E-05,,1
858,0,0.162857143,0,0,140,-1.27E-05,-6.43E-07,0,2,0,0,0,0,-2.42E-05,,1
859,0,0.247142857,2,2,140,-1.43E-04,-7.97E-07,0,1,0,0,2,0,-3.00E-05,,1
860,0,0.247142857,2,2,119,-1.54E-06,-1.82E-08,0,1,0,0,1,0,-5.44E-06,,1
861,0.091428571,0.041428571,1,0.5,97,-6.28E-06,-3.62E-07,-3.81E-09,0,0,0,1,-1.18E-07,-5.45E-07,,1
862,0.117142857,0.885306122,6,0.857142857,129.5714286,-1.41E-07,-3.80E-09,-3.42E-08,1.428571429,0,0,3,-1.22E-07,-9.47E-06,,-1
863,0.24,0.548095238,11,3.666666667,143,-1.54E-06,-3.33E-09,-1.33E-08,1,0,0,4,-2.66E-07,-2.23E-06,,-1
864,0,0.165714286,4,2,37,-1.61E-05,-5.19E-07,0,0,0,0,0,0,-2.39E-05,,1
865,0.008571429,0.225,3,0.75,87.75,-2.36E-04,-1.52E-06,0,0.5,0,0,2,-1.72E-08,-1.55E-05,,1
866,0,0,0,0,140,-2.28E-05,-1.53E-06,0,0,0,0,1,0,-1.75E-04,,1
867,0,0.082857143,1,1,87,-7.41E-05,-7.35E-06,0,0,0,0,0,0,-2.01E-04,,1
868,0,0,0,0,44,-2.09E-05,-6.46E-07,0,0,0,0,1,0,-1.41E-04,,1
869,0.157142857,0.491428571,8,2,127.25,-1.09E-06,-4.81E-08,-3.20E-09,1,0,0,2,-1.73E-07,-1.26E-05,,1
870,0,0.081428571,0,0,54,-3.28E-05,-1.59E-06,0,1,0,0,1,0,-1.04E-04,,1
871,0,0.164285714,1,1,140,-4.97E-06,-8.66E-07,0,1,0,0,0,0,-9.40E-07,,1
872,0,0.328571429,2,2,95,-2.39E-03,-1.57E-05,0,2,0,0,1,0,-3.23E-05,,1
873,0.057142857,0.164285714,2,1,53.5,-1.27E-05,-5.88E-07,-1.56E-08,0.5,0,0,0,-6.23E-08,-9.97E-06,,1
874,0.005714286,0.531428571,3,1.5,114,-3.27E-05,-1.02E-06,0,2.5,0,0,1,-7.15E-09,-1.84E-05,,1
875,0,0.082857143,1,1,70,-3.84E-06,-5.78E-07,0,0,0,0,0,0,-1.09E-05,,1
876,0,0.164285714,1,1,140,-7.00E-06,-2.16E-07,0,1,0,0,1,0,-3.89E-05,,1
877,0,0.165714286,2,2,53,-1.01E-06,0,0,0,0,0,0,0,-1.31E-05,,1
878,0,0.33,3,3,101,-6.93E-06,-3.22E-07,0,1,0,0,1,0,-2.06E-06,,1
879,0,0.165714286,2,2,111,-3.94E-05,-9.46E-07,0,0,0,0,0,0,-4.47E-06,,1
880,0.002857143,0,0,0,61.5,-5.94E-05,-2.00E-06,0,0,0,0,2,-8.39E-09,-2.25E-05,,1
881,0,0,0,0,39,-1.24E-04,-5.42E-06,0,0,0,0,1,0,-9.84E-04,,1
882,0,0.081428571,0,0,140,-6.03E-07,-3.11E-08,0,1,0,0,0,0,-1.64E-05,,1
883,0,0.33,3,3,117,-9.68E-06,-2.28E-07,0,1,0,0,1,0,-1.90E-05,,1
884,0,0.165714286,2,2,49,-3.41E-07,-1.94E-08,0,0,0,0,0,0,-1.89E-06,,1
885,0,0.164285714,1,1,135,-7.18E-05,-2.37E-06,0,1,0,0,1,0,-6.07E-05,,1
886,0,0.164285714,1,1,140,-4.01E-05,-2.39E-06,0,1,0,0,1,0,-1.87E-06,,1
887,0,0.247142857,2,2,130,-2.55E-06,-1.05E-07,0,1,0,0,1,0,-7.41E-06,,1
888,0,0,0,0,140,-4.49E-06,-1.88E-07,0,0,0,0,1,0,-1.78E-06,,1
889,0.194285714,0.327142857,3,1,139,-2.92E-05,-2.06E-06,-5.91E-08,1,0,0,2,-1.77E-07,-6.29E-05,,1
890,0,0.165714286,2,2,60,-3.09E-04,-1.69E-05,0,0,0,0,1,0,-1.08E-04,,1
891,0.12,0.347857143,10,1.25,85.875,-7.30E-07,-2.77E-08,-2.77E-08,0.375,0,0,4,-2.05E-07,-2.10E-07,,1
892,0,0.164285714,1,1,140,-4.48E-04,-4.27E-06,0,1,0,0,1,0,-1.30E-03,,1
893,0,0.165714286,2,2,139,-1.89E-04,-1.49E-05,0,0,0,0,1,0,-3.70E-07,,1
894,0.031428571,0.082857143,3,1,42.66666667,-2.84E-07,-6.04E-09,-3.62E-08,0,0,0,0,-3.02E-08,-3.12E-06,,1
895,0.048571429,0.452857143,7,3.5,93.5,-5.32E-06,-5.06E-07,0,1,0,0,1,-1.04E-07,-5.65E-05,,1
896,0,0.328571429,2,2,106,-1.04E-05,-1.04E-06,0,2,0,0,1,0,-2.20E-05,,1
897,0.025714286,0.719142857,9,1.8,135.8,-1.38E-05,-5.23E-07,-1.12E-08,1.4,0,0,1,-2.24E-08,-1.34E-05,,1
898,0,0.164285714,1,1,90,-2.54E-04,-2.10E-05,0,1,0,0,1,0,-8.51E-04,,1
899,0.282857143,1.267472527,20,1.538461538,108,-1.73E-05,-6.08E-07,-5.07E-09,1.076923077,0,0,8,-4.97E-07,-1.73E-05,,1
900,0,0.081428571,0,0,97,-6.91E-07,-9.21E-09,0,1,0,0,1,0,-5.32E-05,,1
901,0,0.578571429,6,6,140,-2.95E-05,-2.88E-06,0,1,0,0,1,0,-9.25E-04,,1
902,0,0.247142857,2,2,139,-2.88E-07,-4.79E-08,0,1,0,0,0,0,-1.64E-06,,1
903,0,0.081428571,0,0,140,-5.31E-06,-3.35E-07,0,1,0,0,0,0,-9.64E-06,,1
904,0,0.247142857,2,2,140,-1.92E-06,-9.57E-08,0,1,0,0,0,0,-1.03E-05,,1
905,0,0.412857143,4,4,111,-5.39E-05,-2.06E-06,0,1,0,0,1,0,-1.22E-04,,1
906,0.011428571,0.205714286,3,1.5,85.5,-2.37E-06,-4.57E-08,0,0.5,0,0,1,-1.52E-08,-1.03E-05,,1
907,0,0.165714286,2,2,38,-2.10E-03,-0.000113167,0,0,0,0,0,0,-9.97E-04,,1
908,0.002857143,0.082857143,2,1,116,-3.70E-05,-8.89E-07,0,0,0,0,0,-3.38E-09,-1.25E-04,,1
909,0.228571429,0.288571429,10,2.5,77,-4.83E-06,-3.07E-07,-3.79E-09,0.25,0,0,3,-3.00E-07,-1.00E-04,,1
910,0.022857143,0.041428571,2,0.5,139.75,-1.76E-03,-1.79E-05,0,0,0,0,4,-2.79E-08,-1.30E-05,,1
911,0.031428571,0.474857143,9,1.8,98.2,-4.44E-06,-7.96E-08,-7.58E-09,0.8,0,0,4,-3.41E-08,-5.46E-06,,1
912,0,0.165714286,2,2,46,-1.16E-05,-5.24E-07,0,0,0,0,1,0,-1.62E-05,,1
913,0,0.081428571,0,0,140,-2.09E-06,-7.18E-08,0,1,0,0,0,0,-1.86E-05,,1
914,0.611428571,0.496904762,13,1.083333333,111.9166667,-3.52E-04,-8.21E-06,-3.63E-09,0.416666667,0,0,22,-7.73E-07,-1.58E-06,,-1
915,0,0.164285714,1,1,112,-3.56E-06,-8.71E-07,0,1,0,0,1,0,-6.01E-05,,1
916,0,0,0,0,140,-9.07E-05,-1.72E-06,0,0,0,0,1,0,-1.19E-04,,1
917,0.054285714,0.327142857,3,1,134,-4.84E-06,-4.54E-07,0,1,0,0,1,-1.16E-07,-1.53E-04,,1
918,0,0.247142857,2,2,136,-1.17E-06,-1.12E-07,0,1,0,0,0,0,-2.10E-05,,1
919,0.045714286,0.525510204,10,1.428571429,110.5714286,-1.80E-06,-1.74E-07,0,0.714285714,0,0,3,-5.92E-08,-5.27E-05,,1
920,0.04,0.371428571,7,3.5,103,-2.20E-06,-2.89E-08,-5.79E-09,0.5,0,0,1,-7.52E-08,-2.60E-05,,1
921,0,0.247142857,2,2,140,-1.09E-06,-5.74E-08,0,1,0,0,0,0,-9.71E-07,,1
922,0,0.331428571,4,4,140,-1.12E-05,-1.09E-06,0,0,0,0,1,0,-7.11E-05,,1
923,0,0.245714286,1,1,112,-1.66E-05,-1.13E-06,0,2,0,0,0,0,-1.13E-05,,1
924,0,0.164285714,1,1,140,-3.62E-06,-1.29E-07,0,1,0,0,0,0,-3.79E-05,,1
925,0,0.081428571,0,0,140,-4.83E-06,-2.58E-07,0,1,0,0,0,0,-2.71E-06,,1
926,0,0.164285714,1,1,96,-1.38E-05,-5.85E-07,0,1,0,0,1,0,-8.01E-05,,1
927,0,0.164285714,1,1,82,-5.36E-05,-1.21E-06,0,1,0,0,0,0,-2.24E-05,,1
928,0,0.164285714,1,1,144,-8.84E-06,-6.57E-07,0,1,0,0,0,0,-4.46E-06,,1
929,0.745714286,13.25646465,175,1.767676768,128.1515152,-6.75E-04,-5.11E-06,-1.63E-08,1.626262626,0,0,52,-8.36E-07,-1.34E-05,,-1
930,0,0.327142857,1,1,140,-2.81E-06,-3.28E-08,0,3,0,0,0,0,-1.40E-04,,1
931,0,0.411428571,3,3,140,-4.83E-07,-3.04E-08,0,2,0,0,0,0,-1.07E-04,,1
932,0,0.164285714,1,1,110,-3.78E-07,-1.05E-08,0,1,0,0,1,0,-2.81E-05,,1
933,0.031428571,0.303809524,11,3.666666667,102,-4.82E-05,-3.46E-06,-5.39E-09,0,0,0,1,-5.39E-08,-2.32E-05,,1
934,0,0.247142857,2,2,116,-2.51E-06,-7.65E-08,0,1,0,0,1,0,-2.70E-05,,1
935,0.008571429,0.207142857,5,2.5,91,-4.85E-05,-2.53E-06,-1.07E-08,0,0,0,2,-2.14E-08,-4.23E-06,,1
936,0.151428571,0.796428571,7,1.75,117.5,-2.90E-05,-3.40E-06,-1.20E-08,2,0,0,4,-2.00E-07,-2.41E-05,,-1
937,0.102857143,0.218095238,2,0.666666667,120.6666667,-8.66E-05,-9.27E-07,-4.96E-09,0.666666667,0,0,2,-1.74E-07,-3.54E-06,,1
938,0.002857143,0,0,0,140,-9.02E-03,-3.66E-05,0,0,0,0,2,-3.86E-09,-2.70E-06,,1
939,1.602857143,6.096416862,112,1.836065574,121.1803279,-1.23E-05,-2.69E-07,-2.91E-08,1.196721311,0,0,36,-2.01E-06,-2.83E-05,,-1
940,0,0.327142857,1,1,122,-8.90E-06,-7.29E-07,0,3,0,0,1,0,-2.29E-06,,1
941,0,0,0,0,91,-4.69E-05,-1.19E-06,0,0,0,0,1,0,-8.21E-07,,1
942,0,0.331428571,4,4,78,-1.05E-05,-3.57E-07,0,0,0,0,0,0,-2.63E-06,,1
943,0,0.578571429,6,6,143,-5.42E-05,-1.90E-06,0,1,0,0,0,0,-1.89E-05,,1
944,0.045714286,0.245714286,2,1,109,-1.44E-05,-2.95E-07,-1.97E-08,1,0,0,2,-2.95E-07,-2.08E-06,,1
945,0.014285714,0.817142857,8,2,110,-6.37E-06,-9.15E-07,0,2,0,0,4,-1.98E-08,-5.15E-08,,1
946,0,0.41,2,2,123,-1.76E-05,-2.00E-06,0,3,0,0,1,0,-8.47E-06,,1
947,0.008571429,0.082857143,3,1,60.66666667,-9.69E-06,-5.03E-07,0,0,0,0,0,-1.80E-08,-1.47E-06,,1
948,0.134285714,0.796428571,14,1.75,94.125,-1.31E-06,-2.34E-08,-1.17E-08,1,0,0,5,-1.72E-07,-1.25E-05,,-1
949,0,0.412857143,4,4,140,-1.88E-07,-3.99E-09,0,1,0,0,0,0,-4.03E-07,,1
950,0,0.082857143,1,1,117,-1.22E-05,-2.97E-07,0,0,0,0,0,0,-8.62E-05,,1
951,0,0,0,0,68,-2.50E-06,-2.16E-07,0,0,0,0,1,0,-4.87E-07,,1
952,0.028571429,0.288571429,5,2.5,131,-2.45E-05,-7.01E-07,-7.54E-09,0.5,0,0,3,-3.02E-08,-5.08E-05,,1
953,0.108571429,0.45,3,1.5,138,-6.37E-05,-2.81E-06,0,2,0,0,2,-4.38E-07,-9.14E-05,,1
954,0.005714286,0.247142857,4,2,65.5,-1.50E-03,-0.000106667,0,0.5,0,0,1,-2.67E-06,-1.96E-03,,1
955,0,0.164285714,1,1,121,-1.88E-03,-0.000125,0,1,0,0,0,0,-2.56E-04,,1
956,0,0.081428571,0,0,97,-3.85E-06,-8.40E-08,0,1,0,0,1,0,-1.73E-05,,1
957,0.637142857,0.49,11,1,101.4545455,-9.01E-03,-0.000171826,-3.84E-09,0.454545455,0,0,11,-8.52E-07,-3.53E-05,,-1
958,0,0.165714286,2,2,140,-8.88E-07,-1.33E-08,0,0,0,0,1,0,-6.38E-06,,1
959,0.074285714,0.176071429,17,2.125,86.5,-4.75E-04,-5.32E-07,-4.01E-08,0,0,0,2,-5.46E-08,-1.10E-05,,1
960,0.002857143,0.204285714,1,0.5,56.5,-5.17E-07,-6.16E-09,0,1,0,0,2,-6.16E-09,-4.28E-06,,1
961,0,0.164285714,1,1,144,-1.03E-04,-1.07E-05,0,1,0,0,0,0,-3.69E-04,,1
962,0.677142857,2.918571429,24,0.827586207,137.137931,-5.12E-03,-3.97E-05,0,1.206896552,0,0,1,-8.23E-07,-1.02E-05,,1
963,0,0.247142857,2,2,106,-1.02E-04,-7.39E-06,0,1,0,0,0,0,-1.25E-03,,1
964,0.731428571,0.328571429,4,2,116,-6.16E-06,-5.56E-07,0,1,0,0,1,-1.07E-06,-1.92E-04,,-1
965,0.191428571,0.153238095,13,0.866666667,86.6,-1.33E-05,-4.29E-07,-1.01E-08,0.066666667,0,0,7,-2.16E-07,-1.23E-06,,1
966,0,0.082857143,1,1,138,-4.72E-05,-1.31E-06,0,0,0,0,0,0,-2.21E-05,,1
967,0.882857143,0.790952381,32,2.666666667,115.5,-8.35E-03,-2.56E-05,-3.34E-09,0.583333333,0,0,12,-1.03E-06,-1.09E-05,,1
968,0,0.247142857,2,2,140,-5.36E-06,-2.24E-07,0,1,0,0,0,0,-1.51E-04,,1
969,0,0.245714286,1,1,73,-9.02E-06,-9.93E-07,0,2,0,0,1,0,-1.40E-05,,1
970,0,0.412857143,4,4,140,-4.26E-05,-2.71E-06,0,1,0,0,0,0,-3.31E-05,,1
971,0.337142857,0.273333333,4,1.333333333,133,-1.20E-05,-1.12E-07,-1.87E-08,0.666666667,0,0,0,-4.22E-07,-2.74E-04,,1
972,0,0.164285714,1,1,140,-1.27E-06,-6.46E-08,0,1,0,0,0,0,-5.45E-06,,1
973,0.025714286,0.17952381,13,2.166666667,92.5,-1.37E-06,-1.10E-07,0,0,0,0,0,-3.67E-08,-6.93E-08,,1
974,0.042857143,0.654285714,4,2,128.5,-5.21E-05,-6.86E-06,-1.24E-08,3,0,0,2,-4.96E-08,-9.37E-06,,1
975,0,0.082857143,1,1,124,-5.83E-05,-3.14E-06,0,0,0,0,2,0,-4.88E-05,,1
976,0,0.744285714,8,8,140,-3.48E-06,-1.45E-07,0,1,0,0,0,0,-1.27E-06,,1
977,0.014285714,0,0,0,140,-1.35E-06,-1.14E-08,0,0,0,0,4,-2.85E-08,-1.42E-07,,1
978,0.388571429,0.17174026,114,2.072727273,98.36363636,-3.61E-05,-3.26E-07,0,0,0,0,17,-5.10E-07,-5.92E-05,,-1
979,0,0.164285714,1,1,110,-7.61E-07,-4.75E-08,0,1,0,0,1,0,-2.12E-05,,1
980,0,0.247142857,2,2,96,-6.94E-06,-2.68E-07,0,1,0,0,1,0,-2.19E-05,,1
981,0.04,0.124285714,3,1.5,132.5,-1.86E-02,-0.00020317,-5.41E-09,0,0,0,4,-7.03E-08,-1.52E-05,,1
982,0,0.164285714,1,1,140,-6.06E-07,-6.27E-08,0,1,0,0,0,0,-6.55E-06,,1
983,0,0.082857143,1,1,85,-2.23E-05,-1.13E-06,0,0,0,0,0,0,-6.56E-05,,1
984,0.002857143,0.124285714,3,1.5,130.5,-3.04E-05,-1.08E-06,0,0,0,0,2,-3.70E-09,-1.11E-07,,1
985,0,0.492857143,3,3,116,-4.91E-06,-1.10E-07,0,3,0,0,1,0,-6.79E-05,,1
986,0,0.41,2,2,128,-5.30E-05,-1.14E-06,0,3,0,0,1,0,-3.28E-04,,1
987,0,0.164285714,1,1,60,-2.21E-06,-7.20E-08,0,1,0,0,1,0,-1.18E-06,,1
988,0,0.082857143,1,1,46,-5.73E-05,-1.10E-06,0,0,0,0,1,0,-3.69E-05,,1
989,0.04,0.386571429,27,2.7,119.4,-1.18E-04,-6.75E-07,0,0.2,0,0,6,-7.75E-08,-3.04E-06,,1
990,0.045714286,0.082857143,3,1,89.33333333,-1.62E-06,-2.68E-08,0,0,0,0,1,-6.12E-08,-2.11E-05,,1
991,0.074285714,0.451428571,5,2.5,136.5,-7.42E-07,-1.09E-08,0,1.5,0,0,1,-9.46E-08,-2.06E-05,,1
992,0,0.411428571,3,3,100,-1.17E-05,-4.04E-07,0,2,0,0,0,0,-2.22E-06,,1
993,0,0,0,0,84,-3.69E-06,-1.11E-07,0,0,0,0,1,0,-8.77E-05,,1
994,0,0.247142857,2,2,140,-1.27E-05,-1.38E-06,0,1,0,0,0,0,-7.55E-05,,1
995,0.028571429,0.165714286,8,2,45.75,-1.14E-05,-4.25E-07,0,0,0,0,0,-9.45E-08,-3.80E-05,,1
996,0.034285714,0.124285714,3,1.5,118.5,-2.77E-04,-9.64E-06,0,0,0,0,2,-4.52E-08,-7.39E-06,,1
997,0,0.081428571,0,0,144,-1.49E-05,-9.41E-07,0,1,0,0,0,0,-1.11E-04,,1
998,0.202857143,0.245714286,3,1,133.3333333,-1.17E-05,-4.64E-07,0,0.666666667,0,0,2,-2.57E-07,-4.58E-06,,1
999,0,0.247142857,2,2,140,-9.82E-07,-5.89E-08,0,1,0,0,0,0,-5.29E-06,,1
1000,0,0.495714286,5,5,128,-6.85E-06,-5.40E-07,0,1,0,0,1,0,-5.97E-06,,1
,,,,,,,,,,,,,,,,
,,,,,,,,,,,,,,,,
